Título;ESTADO;Assunto;Num_Projeto;Num_Projeto:ID_Projeto;Num_Projeto:Código_Projeto;Ref. Documento;Data da Informação;Unidade Técnica;Valor Previsto (s/IVA);Tipo de procedimento;Financiamento;Informação;Formulário PA;CE;Memória Descritiva;Orçamentos;Propostas;Nº PCM Online;Nº MN GA;Valor Global Contrato;Observações;Nº DIAS ÚTEIS - EM ANÁLISE -;Nº DIAS ÚTEIS - ADJUDICADO -;Aviso_GA;Aviso_Faturas;Aviso_Encerramento;Data da MN;Data registo no PCM online/GA;Data de adjudicação;Estado_Financeiro;Saldo_PA;Modificado;Data_Cabimento;Data_Compromisso;CPV;Valor_Compromisso;Valor_Cabimento;Ano;Financiamento_Escolha;Data_Início_Contrato;Data_Fim_Contrato
088/2022;ADJUDICADO;Procurement Request for Office Supplies;PR/051/2022;Criação do ambiente tecnológico e aplicacional do PlanAPP;PR/051/2022;;;GSIQ;19 129 €;Consulta prévia;PRR;;;;;;;;7 533;19 129 €;Plurianuais;0;58;Pendente;Pendente;Pendente;27/09/2022;27/09/2022;17/12/2022;Pendente;;26/10/2023 05:34;;;;19 129 €;19 129 €;2022;;26/12/2022;26/12/2023
008/2023;ADJUDICADO;Request for Proposals (RFP) for IT Hardware;;;;;;GSI;6 825 €;Consulta prévia;Orçamento;1;1;1;;;4;;9 316;6 825 €;;0;53;Pendente;Pendente;Pendente;27/01/2023;27/01/2023;12/04/2023;Pendente;;26/10/2023 05:34;;;;6 825 €;6 825 €;2023;;04/05/2023;04/06/2023
107/2022;ADJUDICADO;Purchase Request for Vehicle Maintenance Services;;;;;;GSIQ;12 335 €;Consulta prévia;Orçamento;;;;;;;;8 423;12 335 €;Data assinatra contrato: 20-12-2022;0;285;Pendente;Pendente;Pendente;07/11/2022;07/11/2022;11/12/2022;Pendente;;26/10/2023 05:34;;;30200000-1;12 335 €;12 335 €;2022;;20/12/2022;11/01/2023
023/2023;SUBMETIDO;Request for Quotation (RFQ) for Cleaning Services;PR/009/2022;Laboratório colaborativo de prospetiva – LAB2050.PT;PR/009/2022;;;Lab2050;5 771 €;Consulta Prévia;POAT;;;;;;;;9 758;5 771 €;;1;;Pendente;Pendente;Pendente;06/03/2023;07/03/2023;;Pendente;;26/10/2023 05:34;;;;5 771 €;5 771 €;2023;;22/09/2023;21/12/2023
094/2022;ADJUDICADO;Procurement Request for Construction Materials;;;;;;GSIQ;14 496 €;Ajuste direto;Orçamento;;x;;;;;;8 116;14 496 €;;3;33;Pendente;Pendente;Pendente;11/10/2022;14/10/2022;27/11/2022;Pendente;;26/10/2023 05:34;;;30230000-0;14 496 €;14 496 €;2022;;27/11/2022;28/12/2022
135/2022;SUBMETIDO;RFP for Software Development Services;PR/001/2022;Site institucional PlanAPP;PR/001/2022;;;GCC;2 243 €;Ajuste direto;Orçamento;;1;;;1;;;8 791;2 243 €;Pedido de informação sobre artigo n.º 2 do artigo n.º 40.º da LOE 2023 - termina a dia 30/01/2023;0;45;Pendente;Pendente;Pendente;06/12/2022;06/12/2022;;Pendente;;26/10/2023 05:34;;;72000000-5;2 243 €;2 243 €;2022;;09/03/2023;31/12/2023
098/2022;ADJUDICADO;Request for Bids (RFB) for Security Equipment;;;;;;PRI;11 553 €;Ajuste direto;Orçamento;;;;;;;;8 137;11 553 €;;0;24;Pendente;Pendente;Pendente;17/10/2022;17/10/2022;18/11/2022;Pendente;;26/10/2023 05:32;;;;11 553 €;11 553 €;2022;;;
124/2022;ADJUDICADO;Purchase Request for Furniture;;;;;;AE;9 461 €;;PRR;;;;;;;;8 281;9 461 €;;0;6;Pendente;Pendente;Pendente;11/11/2022;11/11/2022;21/11/2022;Pendente;;26/10/2023 05:34;;;;9 461 €;9 461 €;2022;;07/11/2022;09/11/2022
114/2022;ADJUDICADO;RFQ for Printing and Marketing Services;PR/005/2022;Reflexão estratégica - OCDE;PR/005/2022;;;AE;1 048 €;Ajuste direto;PRR;;;;;;;;8 281;1 048 €;;0;16;Pendente;Pendente;Pendente;28/10/2022;28/10/2022;21/11/2022;Pendente;;26/10/2023 05:34;;;;1 048 €;1 048 €;2022;;07/11/2022;09/11/2022
064/2022;ADJUDICADO;Procurement Request for Electrical Equipment;PR/002/2022;Plano de formação 2022;PR/002/2022;;13/07/2022;GCC;2 257 €;Contratação Excluída;PRR;;X;;;X;;;7 358;2 257 €;;4;36;Pendente;Pendente;Pendente;14/07/2022;20/07/2022;02/09/2022;Pendente;;26/10/2023 05:34;;;;2 257 €;2 257 €;2022;;18/08/2022;28/10/2022
065/2022;ADJUDICADO;RFP for Legal Services;PR/002/2022;Plano de formação 2022;PR/002/2022;;13/07/2022;GCC;18 799 €;Contratação Excluída;PRR;;;;;;;;7 429;18 799 €;;9;49;Pendente;Pendente;Pendente;14/07/2022;27/07/2022;21/09/2022;Pendente;;26/10/2023 05:34;;;;18 799 €;18 799 €;2022;;17/10/2022;09/12/2022
111/2023;ADJUDICADO;Request for Proposals for Catering Services;;;;;;EMCE;19 729 €;Ajuste Direto;Orçamento de Estado;;;;;;;;10 962;19 729 €;;0;54;Pendente;Pendente;Pendente;07/07/2023;07/07/2023;21/09/2023;Pendente;;26/10/2023 05:34;;;;19 729 €;19 729 €;2023;;27/07/2023;26/08/2023
042/2022;ADJUDICADO;Purchase Request for Medical Equipment;PR/005/2022;Reflexão estratégica - OCDE;PR/005/2022;;22/04/2022;AE;16 941 €;Contratação Excluída;PRR;X;;;;;;;6 565;16 941 €;Início do contrato 11/07/2022;0;41;Pendente;Pendente;Pendente;27/04/2022;27/04/2022;23/06/2022;Pendente;;26/10/2023 05:34;;;79411000-8;16 941 €;16 941 €;2022;;11/07/2022;31/12/2022
003/2021;ADJUDICADO;RFQ for Landscaping and Gardening Services;PR/002/2022;Plano de formação 2022;PR/002/2022;;;;7 556 €;Contratação Excluída;PRR;;;;;;;;4 848;7 556 €;;0;2;Pendente;Pendente;Pendente;07/09/2021;07/09/2021;09/09/2021;Pendente;;26/10/2023 05:34;;;;7 556 €;7 556 €;2021;;01/09/2021;06/01/2022
075/2022;ADJUDICADO;Procurement Request for Laboratory Supplies;PR/016/2022;Aquisição centralizada para licenciamento de software aplicacional;PR/016/2022;;25/07/2022;GSIQ;24 776 €;Ajuste direto simplificado;PRR;x;x;;;;x;;7 592;24 776 €;Aguarda validação da proposta;3;64;Pendente;Pendente;Pendente;12/08/2022;17/08/2022;10/11/2022;Pendente;;26/10/2023 05:34;;;72212218-0;24 776 €;24 776 €;2022;;10/11/2022;18/11/2022
093/2022;ADJUDICADO;RFB for Renovation and Building Maintenance;PR/005/2022;Reflexão estratégica - OCDE;PR/005/2022;;;AE;12 830 €;Contratação Excluída;PRR;;X;;;X;;;7 901;12 830 €;SUBSTITUI O PA 087/2022. FOI FEITA A ALTERAÇÃO NA MESMA MN (7901);-8;18;Pendente;Pendente;Pendente;30/09/2022;22/09/2022;26/10/2022;Pendente;;26/10/2023 05:34;;;;12 830 €;12 830 €;2022;;07/11/2022;09/11/2022
087/2022;CANCELADO;Request for Bids for Telecommunications Equipment;PR/005/2022;Reflexão estratégica - OCDE;PR/005/2022;;;AE;10 898 €;Contratação Excluída;PRR;;X;;;X;;;7 901;10 898 €;CANCELAR OU ALTERAR/SUBSTITUIR PELO PA093/2022;;;Pendente;Pendente;Pendente;19/09/2022;22/09/2022;;Pendente;;26/10/2023 05:34;;;;10 898 €;10 898 €;2022;;07/11/2022;09/11/2022
083/2022;ADJUDICADO;Procurement Request for Audio-Visual Equipment;PR/005/2022;Reflexão estratégica - OCDE;PR/005/2022;;14/09/2022;AE;2 490 €;Contratação Excluída;PRR;;X;;;X;;;7 827;2 490 €;;8;27;Pendente;Pendente;Pendente;12/09/2022;22/09/2022;19/10/2022;Pendente;;26/10/2023 05:34;;;;2 490 €;2 490 €;2022;;07/11/2022;24/11/2022
110/2022;ADJUDICADO;RFP for Web Design and Development Services;;;;;;GCC;18 504 €;Ajuste direto;Orçamento;;;;;;;;8 284;18 504 €;;0;20;Pendente;Pendente;Pendente;28/10/2022;28/10/2022;27/11/2022;Pendente;;26/10/2023 05:34;;;"	22100000-1";18 504 €;18 504 €;2022;;01/01/2022;31/12/2022
134/2023;SUBMETIDO;Purchase Request for Uniforms and Apparel;PR/009/2022;Laboratório colaborativo de prospetiva – LAB2050.PT;PR/009/2022;;;;2 141 €;Ajuste Direto Simplificado;POAT;;;;;;;;11 365;2 141 €;;0;;Pendente;Pendente;Pendente;07/09/2023;07/09/2023;;Pendente;;26/10/2023 05:34;;;;2 141 €;2 141 €;2023;;06/10/2023;06/11/2023
123/2023;SUBMETIDO;RFQ for Janitorial Services;PR/009/2022;Laboratório colaborativo de prospetiva – LAB2050.PT;PR/009/2022;;;Lab2050;15 393 €;;POAT;;;;;;;;11 295;15 393 €;;0;;Pendente;Pendente;Pendente;28/08/2023;28/08/2023;;Pendente;;26/10/2023 05:34;;;;15 393 €;15 393 €;2023;;06/10/2023;06/11/2023
122/2023;SUBMETIDO;Request for Proposals for Marketing Consultation;PR/009/2022;Laboratório colaborativo de prospetiva – LAB2050.PT;PR/009/2022;;;Lab2050;7 039 €;;POAT;;;;;;;;11 296;7 039 €;;1;;Pendente;Pendente;Pendente;29/08/2023;30/08/2023;;Pendente;;26/10/2023 05:34;;;;7 039 €;7 039 €;2023;;06/10/2023;06/11/2023
004/2021;ADJUDICADO;Procurement Request for Safety Equipment;PR/002/2022;Plano de formação 2022;PR/002/2022;;;;8 034 €;Contratação Excluída;PRR;;;;;;;;4 949;8 034 €;;0;0;Pendente;Pendente;Pendente;21/09/2021;21/09/2021;21/09/2021;Pendente;;26/10/2023 05:34;;;;8 034 €;8 034 €;2021;;21/09/2021;16/12/2021
144/2022;ADJUDICADO;RFP for Transport and Logistics Services;;;;;;GCC;15 857 €;Ajuste direto simplificado;Orçamento;;1;;;1;;;8 938;15 857 €;;1;4;Pendente;Pendente;Pendente;;;27/12/2022;Pendente;;26/10/2023 05:34;;;;15 857 €;15 857 €;2022;;05/01/2023;05/01/2023
002/2022;ADJUDICADO;Request for Quotation for Office Furniture;;;;;27/01/2022;GSIQ;3 607 €;Ajuste Direto Simplificado;Orçamento;X;X;;;X;;;5 761;3 607 €;;0;14;Pendente;Pendente;Pendente;28/01/2022;28/01/2022;17/02/2022;Pendente;;26/10/2023 05:31;;;;3 607 €;3 607 €;2022;;;
129/2023;SUBMETIDO;Purchase Request for Training Services;PR/009/2022;Laboratório colaborativo de prospetiva – LAB2050.PT;PR/009/2022;;;Lab2050;2 625 €;Ajuste Direto Simplificado;POAT;;;;;;;;11 318;2 625 €;;1;;Pendente;Pendente;Pendente;31/08/2023;01/09/2023;;Pendente;;26/10/2023 05:34;;;;2 625 €;2 625 €;2023;;06/10/2023;06/11/2023
038/2022;ADJUDICADO;RFQ for HVAC Maintenance Services;PR/008/2022;Publicações periódicas;PR/008/2022;;06/04/2022;GCC;18 422 €;Ajuste direto simplificado;PRR;;X;;;;X;;7 556;18 422 €;Contrato assinado e enviado a 02/06. Falta ainda indicação de 7 e-mails;16;28;Pendente;Pendente;Pendente;11/04/2022;03/05/2022;19/05/2022;Pendente;;26/10/2023 05:31;;;;18 422 €;18 422 €;2022;;;
012/2022;ADJUDICADO;Procurement Request for Security Services;;;;;11/02/2022;GSIQ;3 589 €;Ajuste direto;Orçamento;X;;;;X;;;6 011;3 589 €;;0;36;Pendente;Pendente;Pendente;23/02/2022;23/02/2022;14/04/2022;Pendente;;26/10/2023 05:34;;;;3 589 €;3 589 €;2022;;14/04/2022;30/04/2022
017/2023;ADJUDICADO;RFB for Construction Equipment;PR/051/2022;Criação do ambiente tecnológico e aplicacional do PlanAPP;PR/051/2022;;;GSI;9 981 €;Ajuste Direto;PRR;;;;;;;;9 676;9 981 €;;0;50;;Pendente;Pendente;28/02/2023;28/02/2023;09/05/2023;Pendente;;26/10/2023 05:34;;;;9 981 €;9 981 €;2023;;15/05/2023;15/07/2023
063/2022;ADJUDICADO;Request for Bids for Plumbing Services;PR/011/2022;Identidade corporativa PlanAPP;PR/011/2022;;27/06/2022;GCC;7 128 €;Ajuste direto simplificado;PRR;;X;;;;X;;7 176;7 128 €;;2;14;Pendente;Pendente;Pendente;29/06/2022;01/07/2022;19/07/2022;Pendente;;26/10/2023 05:32;;;;7 128 €;7 128 €;2022;;;
074/2022;ADJUDICADO;Procurement Request for Computer Software;PR/016/2022;Aquisição centralizada para licenciamento de software aplicacional;PR/016/2022;;25/07/2022;GSIQ;19 237 €;Ajuste direto simplificado;PRR;x;x;;;;x;;7 591;19 237 €;;3;24;Pendente;Pendente;Pendente;12/08/2022;17/08/2022;15/09/2022;Pendente;;26/10/2023 05:32;;;;19 237 €;19 237 €;2022;;;
027/2022;ADJUDICADO;RFP for Architectural Services;PR/011/2022;Identidade corporativa PlanAPP;PR/011/2022;;28/03/2022;GCC;2 323 €;Ajuste direto simplificado;PRR;;X;;;;X;;6 309;2 323 €;;2;20;Pendente;Pendente;Pendente;29/03/2022;31/03/2022;26/04/2022;Pendente;;26/10/2023 05:31;;;;2 323 €;2 323 €;2022;;;
134/2022;ADJUDICADO;Purchase Request for Data Storage Solutions;PR/012/2022;Teletrabalho - aquisição de meios de trabalho;PR/012/2022;;;GSIQ;15 769 €;Ajuste direto simplificado;Teletrabalho;1;1;;;1;;;8 640;15 769 €;;0;5;Pendente;Pendente;Pendente;06/12/2022;06/12/2022;13/12/2022;Pendente;;26/10/2023 05:32;;;;15 769 €;15 769 €;2022;;;
042/2023;ADJUDICADO;RFQ for Legal Consultation;;;;;;GSI;4 523 €;Ajuste direto simplificado;Orçamento;;;;;;;;9 997;4 523 €;;1;26;Pendente;Pendente;Pendente;23/03/2023;24/03/2023;28/04/2023;Pendente;;26/10/2023 05:32;;;;4 523 €;4 523 €;2023;;;
051/2022;ADJUDICADO;Request for Proposals for Event Planning;PR/013/2022;Sistema integrado de gestão;PR/013/2022;;26/05/2022;GSIQ;5 488 €;Ajuste direto;PRR;X;X;;;;;;6 942;5 488 €;Contrato assinado a 27/10;5;104;Pendente;Pendente;Pendente;27/05/2022;03/06/2022;20/10/2022;Pendente;;26/10/2023 05:34;;;79411000-8;5 488 €;5 488 €;2022;;27/10/2022;31/12/2022
002/2023;ADJUDICADO;Procurement Request for Industrial Machinery;PR/051/2022;Criação do ambiente tecnológico e aplicacional do PlanAPP;PR/051/2022;;;GSI;632 €;Ajuste Direto;PRR;;1;;;;;;9 135;632 €;;0;31;Pendente;Pendente;Pendente;12/01/2023;12/01/2023;24/02/2023;Pendente;;26/10/2023 05:34;;;48000000-8;632 €;632 €;2023;;07/03/2023;06/03/2026
091/2022;SUBMETIDO;RFP for Digital Marketing Services;PR/009/2022;Laboratório colaborativo de prospetiva – LAB2050.PT;PR/009/2022;;;GSIQ;7 451 €;Consulta prévia;POAT;;;;;;;;8 180;7 451 €;Transferencia do valor do cabimento para 2023;4;82;Pendente;Pendente;Pendente;14/10/2022;20/10/2022;;Pendente;;26/10/2023 05:34;;;30230000-0;7 451 €;7 451 €;2022;;16/03/2023;24/05/2023
104/2023;ADJUDICADO;Request for Quotation for Office Space Rental;PR/047/2022;Elaboração do plano de formação 2023;PR/047/2022;;;RH;10 298 €;Ajuste Direto Simplificado;PRR;;;;;;;;10 924;10 298 €;;2;17;Pendente;Pendente;Pendente;30/06/2023;04/07/2023;25/07/2023;Pendente;;26/10/2023 05:32;;;;10 298 €;10 298 €;2023;;;
141/2022;ADJUDICADO;Procurement Request for Printers and Copiers;;;;;;PRI;10 052 €;Ajuste direto simplificado;Orçamento;;1;;;1;;;8 854;10 052 €;;1;16;Pendente;Pendente;Pendente;14/12/2022;14/12/2022;04/01/2023;Pendente;;26/10/2023 05:32;;;;10 052 €;10 052 €;2022;;;
001/2023;Adjudicado;RFB for Pest Control Services;PR/023/2022;Estudo de sustentabilidade ADSE;PR/023/2022;;;AE;16 010 €;Ajuste Direto;Orçamento;;;;;;;;9 519;16 010 €;;6;74;Pendente;Pendente;Pendente;06/02/2023;14/02/2023;19/05/2023;Pendente;;26/10/2023 05:32;;;;16 010 €;16 010 €;2023;;;
018/2023;ADJUDICADO;Purchase Request for Educational Materials;PR/051/2022;Criação do ambiente tecnológico e aplicacional do PlanAPP;PR/051/2022;;;GSI;3 178 €;Ajuste direto;PRR;;;;;;;;9 928;3 178 €;;0;68;Pendente;Pendente;Pendente;20/03/2023;20/03/2023;22/06/2023;Pendente;;26/10/2023 05:32;;;;3 178 €;3 178 €;2023;;;
133/2022;ADJUDICADO;RFQ for Accounting Services;PR/005/2022;Reflexão estratégica - OCDE;PR/005/2022;;;AE;16 299 €;Ajuste direto simplificado;PRR;;1;;;1;;;8 607;16 299 €;;0;17;Pendente;Pendente;Pendente;16/11/2022;16/11/2022;09/12/2022;Pendente;;26/10/2023 05:32;;;;16 299 €;16 299 €;2022;;;
115/2023;ADJUDICADO;Request for Bids for Waste Disposal Services;PR/047/2022;Elaboração do plano de formação 2023;PR/047/2022;;;RH;13 860 €;Ajuste Direto Simplificado;PRR;;;;;;;;11 057;13 860 €;;5;14;Pendente;Pendente;Pendente;11/07/2023;18/07/2023;31/07/2023;Pendente;;26/10/2023 05:34;;;;13 860 €;13 860 €;2023;;31/07/2023;30/08/2023
043/2022;ADJUDICADO;Procurement Request for Lab Equipment Maintenance;PR/011/2022;Identidade corporativa PlanAPP;PR/011/2022;;05/05/2022;GCC;21 298 €;Ajuste direto;PRR;;X;;;;;;6 839;21 298 €;;18;45;Pendente;Pendente;Pendente;09/05/2022;02/06/2022;11/07/2022;Pendente;;26/10/2023 05:34;;;;21 298 €;21 298 €;2022;;12/10/2022;30/11/2023
083/2023;ADJUDICADO;RFP for Graphic Design Services;;;;;;RH;3 948 €;Ajuste direto simplificado;PRR;;;;;;;;10 576;3 948 €;;1;19;Pendente;Pendente;Pendente;25/05/2023;26/05/2023;21/06/2023;Pendente;;26/10/2023 05:32;;;;3 948 €;3 948 €;2023;;;
047/2022;ADJUDICADO;Request for Proposals for Research Services;PR/005/2022;Reflexão estratégica - OCDE;PR/005/2022;;10/05/2022;GCC;4 426 €;Ajuste direto simplificado;Orçamento;;X;;;X;;;6 729;4 426 €;;0;12;Pendente;Pendente;Pendente;13/05/2022;13/05/2022;31/05/2022;Pendente;;26/10/2023 05:32;;;;4 426 €;4 426 €;2022;;;
151/2023;SUBMETIDO;Purchase Request for Office Renovation;;;;;;EMGSI;22 839 €;Ajuste Direto Simplificado;Orçamento de Estado;;;;;;;;11 521;22 839 €;;1;;Pendente;Pendente;Pendente;21/09/2023;22/09/2023;;Pendente;;26/10/2023 05:34;;;;22 839 €;22 839 €;2023;;25/10/2023;25/11/2023
033/2022;ADJUDICADO;RFQ for IT Support Services;PR/051/2022;Criação do ambiente tecnológico e aplicacional do PlanAPP;PR/051/2022;;30/03/2022;PP;14 062 €;Ajuste direto;PRR;;X;;;;X;;6 612;14 062 €;;8;42;Pendente;Pendente;Pendente;21/04/2022;03/05/2022;20/06/2022;Pendente;;26/10/2023 05:31;;;;14 062 €;14 062 €;2022;;;
062/2022;ADJUDICADO;Procurement Request for Security Software;PR/005/2022;Reflexão estratégica - OCDE;PR/005/2022;;29/06/2022;Direção;21 792 €;Ajuste direto simplificado;PRR;;X;;;X;;;7 162;21 792 €;;0;13;Pendente;Pendente;Pendente;29/06/2022;29/06/2022;18/07/2022;Pendente;;26/10/2023 05:32;;;;21 792 €;21 792 €;2022;;;
144/2023;SUBMETIDO;RFB for Electrical Repairs;;;;;;;7 712 €;Ajuste Direto Simplificado;Orçamento de Funcionamento;;;;;;;;11 481;7 712 €;;1;;Pendente;Pendente;Pendente;18/09/2023;19/09/2023;;Pendente;;26/10/2023 05:34;;;;7 712 €;7 712 €;2023;;19/10/2023;19/11/2023
025/2022;ADJUDICADO;Request for Bids for Land Acquisition;PR/011/2022;Identidade corporativa PlanAPP;PR/011/2022;;18/03/2022;GCC;20 890 €;Ajuste direto simplificado;PRR;;X;;;;X;;6 310;20 890 €;;9;27;Pendente;Pendente;Pendente;18/03/2022;31/03/2022;26/04/2022;Pendente;;26/10/2023 05:31;;;;20 890 €;20 890 €;2022;;;
016/2023;ADJUDICADO;Procurement Request for Medical Supplies;;;;;;Monitorização;24 523 €;Ajuste Direto;Orçamento de Estado;;1;;;;1;;9 569;24 523 €;;2;49;Pendente;Pendente;Pendente;20/02/2023;22/02/2023;28/04/2023;Pendente;;26/10/2023 05:34;;;;24 523 €;24 523 €;2023;;10/05/2023;09/08/2023
119/2022;ADJUDICADO;RFP for Advertising Services;PR/051/2022;Criação do ambiente tecnológico e aplicacional do PlanAPP;PR/051/2022;;;GSIQ;3 904 €;Consulta prévia;PRR;1;1;1;;;;;8 434;3 904 €;Data assinatra contrato: 26-12-2022;0;30;Pendente;Pendente;Pendente;07/11/2022;07/11/2022;19/12/2022;Pendente;;26/10/2023 05:34;;;"	72266000-7";3 904 €;3 904 €;2022;;01/01/2023;31/12/2025
120/2023;SUBMETIDO;Request for Quotation for IT Training;PR/079/2022;Sistema de Gestão Documental;PR/079/2022;;;EMGSI;12 340 €;Ajuste Direto;PRR;;;;;;;;11 132;12 340 €;;1;;Pendente;Pendente;Pendente;25/07/2023;26/07/2023;;Pendente;;26/10/2023 05:34;;;;12 340 €;12 340 €;2023;;24/10/2023;23/10/2025
052/2022;ADJUDICADO;Purchase Request for Warehouse Services;;;;;23/05/2022;PP;15 095 €;Ajuste direto;Orçamento;;X;;;;X;;6 933;15 095 €;;9;113;Pendente;Pendente;Pendente;23/05/2022;03/06/2022;27/10/2022;Pendente;;26/10/2023 05:34;;;"	48610000-7";15 095 €;15 095 €;2022;;12/11/2022;21/11/2025
003/2023;ADJUDICADO;RFQ for Cleaning Supplies;;;;;;GSI;23 353 €;Ajuste direto;Orçamento;;1;;;1;;;9 144;23 353 €;;0;65;Pendente;Pendente;Pendente;13/01/2023;13/01/2023;14/04/2023;Pendente;;26/10/2023 05:34;;;;23 353 €;23 353 €;2023;;14/04/2023;31/12/2023
145/2022;ADJUDICADO;Procurement Request for Audio-Visual Services;PR/002/2022;Plano de formação 2022;PR/002/2022;;;PP;22 456 €;Contratação Excluída;PRR;;1;;;2;;;8 426;22 456 €;;0;20;Pendente;Pendente;Pendente;07/11/2022;07/11/2022;05/12/2022;Pendente;;26/10/2023 05:34;;;80510000-2;22 456 €;22 456 €;2022;;05/12/2022;05/01/2023
005/2023;ADJUDICADO;RFB for Office Space Lease;PR/051/2022;Criação do ambiente tecnológico e aplicacional do PlanAPP;PR/051/2022;;;GSI;21 528 €;Ajuste Direto;PRR;;1;;;1;;;9 475;21 528 €;;1;60;Pendente;Pendente;Pendente;09/02/2023;10/02/2023;04/05/2023;Pendente;;26/10/2023 05:34;;;;21 528 €;21 528 €;2023;;09/06/2023;09/08/2023
033/2023;ADJUDICADO;Request for Bids for Legal Research;PR/047/2022;Elaboração do plano de formação 2023;PR/047/2022;;;RH;16 849 €;Contratação Excluída;PRR;;;;;;;;9 811;16 849 €;;0;34;Pendente;Pendente;Pendente;09/03/2023;09/03/2023;26/04/2023;Pendente;;26/10/2023 05:34;;;;16 849 €;16 849 €;2023;;01/01/2023;31/12/2023
030/2022;ADJUDICADO;Procurement Request for Event Supplies;;;;;18/03/2022;GCC;14 849 €;Ajuste direto simplificado;PRR;;1;;;X;;;6 231;14 849 €;;2;25;Pendente;Pendente;Pendente;18/03/2022;22/03/2022;22/04/2022;Pendente;;26/10/2023 05:31;;;;14 849 €;14 849 €;2022;;;
118/2023;ADJUDICADO;RFP for Marketing Materials;;;;;;;3 877 €;Ajuste Direto Simplificado;Orçamento de Funcionamento;;;;;;;;11 062;3 877 €;;2;23;Resolvido;Pendente;Pendente;14/07/2023;18/07/2023;16/08/2023;Pendente;;26/10/2023 05:34;;;;3 877 €;3 877 €;2023;;16/08/2023;15/09/2023
020/2023;ADJUDICADO;Request for Proposals for Facility Management;PR/051/2022;Criação do ambiente tecnológico e aplicacional do PlanAPP;PR/051/2022;;;GSI;4 771 €;Ajuste Direto;PRR;;;;;;;;10 175;4 771 €;;2;20;Pendente;Pendente;Pendente;17/04/2023;19/04/2023;15/05/2023;Pendente;;26/10/2023 05:34;;;;4 771 €;4 771 €;2023;;15/05/2023;14/05/2024
009/2023;ADJUDICADO;Purchase Request for Security Cameras;;;;;;RH;23 026 €;Ajuste direto simplificado;Orçamento;;1;;;1;;;9 312;23 026 €;;0;4;Pendente;Pendente;Pendente;27/01/2023;27/01/2023;02/02/2023;Pendente;;26/10/2023 05:31;;;;23 026 €;23 026 €;2023;;;
026/2023;ADJUDICADO;RFQ for Computer Hardware;PR/074/2022;Estudos Prospetivos;PR/074/2022;;;PP;2 068 €;;Orçamento;;;;;;;;9 701;2 068 €;;0;2;Pendente;Pendente;Pendente;01/03/2023;01/03/2023;03/03/2023;Pendente;;26/10/2023 05:32;;;;2 068 €;2 068 €;2023;;;
154/2023;SUBMETIDO;Procurement Request for Laboratory Services;PR/005/2022;Reflexão estratégica - OCDE;PR/005/2022;;;;7 844 €;Ajuste Direto Simplificado;Orçamento de Funcionamento;;;;;;;;11 579;7 844 €;;1;;Pendente;Pendente;Pendente;29/09/2023;29/09/2023;;Pendente;;26/10/2023 05:34;;;;7 844 €;7 844 €;2023;;25/10/2023;25/11/2023
086/2022;ADJUDICADO;RFB for Roof Repair Services;;;;;21/09/2022;GCC;3 993 €;Ajuste direto simplificado;Orçamento;;X;;;X;;;7 949;3 993 €;;4;285;Pendente;Pendente;Pendente;21/09/2022;27/09/2022;25/10/2022;Pendente;;26/10/2023 05:32;;;;3 993 €;3 993 €;2022;;;
089/2023;ADJUDICADO;Request for Bids for Vehicle Purchase;;;;;;GPRI;3 900 €;Ajuste Direto Simplificado;Orçamento de Estado;;;;;;;;10 654;3 900 €;;1;19;Resolvido;Pendente;Pendente;01/06/2023;02/06/2023;28/06/2023;Pendente;;26/10/2023 05:32;;;;3 900 €;3 900 €;2023;;;
068/2022;ADJUDICADO;Procurement Request for Translation Services;;;;;;PP;3 089 €;Ajuste direto simplificado;PRR;;;;;;;;7 562;3 089 €;;15;23;Pendente;Pendente;Pendente;22/07/2022;12/08/2022;24/08/2022;Pendente;;26/10/2023 05:32;;;;3 089 €;3 089 €;2022;;;
057/2023;ADJUDICADO;RFP for Copywriting Services;;;;;;RH;10 162 €;Ajuste direto simplificado;PRR;;;;;;;;10 572;10 162 €;;1;16;Pendente;Pendente;Pendente;01/06/2023;02/06/2023;23/06/2023;Pendente;;26/10/2023 05:32;;;;10 162 €;10 162 €;2023;;;
075/2023;SUBMETIDO;Request for Quotation for Training Equipment;PR/084/2022;Desigualdades - Elaboração de proposta de relatório das desigualdades;PR/084/2022;;;PP;1 822 €;Contratação Excluída;PRR;;;;;;;;10 571;1 822 €;;0;;Pendente;Pendente;Pendente;26/05/2023;26/05/2023;;Pendente;;26/10/2023 05:34;;;;1 822 €;1 822 €;2023;;11/08/2023;07/02/2024
030/2023;SUBMETIDO;Purchase Request for Janitorial Supplies;PR/026/2022;Demografia e Políticas Públicas;PR/026/2022;;;UTM;17 809 €;Consulta Prévia;PRR;;;;;;;;10 884;17 809 €;alterado valor de 42900;1;;Pendente;Pendente;Pendente;29/06/2023;30/06/2023;;Pendente;;26/10/2023 05:34;;;;17 809 €;17 809 €;2023;;10/10/2023;09/10/2024
108/2023;ADJUDICADO;RFQ for IT Consultation;PR/047/2022;Elaboração do plano de formação 2023;PR/047/2022;;;RH;8 241 €;Ajuste Direto;PRR;;;;;;;;10 952;8 241 €;;1;32;Resolvido;Pendente;Pendente;05/07/2023;06/07/2023;18/08/2023;Pendente;;26/10/2023 05:34;;;;8 241 €;8 241 €;2023;;11/08/2023;31/12/2025
016/2022;ADJUDICADO;Procurement Request for HR Consulting Services;PR/011/2022;Identidade corporativa PlanAPP;PR/011/2022;;22/02/2022;GCC;10 550 €;Ajuste direto;PRR;X;X;;;;;;6 103;10 550 €;Contrato assinado a 16/05/2022;7;51;Pendente;Pendente;Pendente;24/02/2022;07/03/2022;08/05/2022;Pendente;;26/10/2023 05:34;;;79822500-7;10 550 €;10 550 €;2022;;16/05/2022;16/11/2022
001/2022;ADJUDICADO;RFB for Plumbing Supplies;PR/001/2022;Site institucional PlanAPP;PR/001/2022;;11/01/2022;GCC;10 083 €;Ajuste direto;PRR;X;;x;;;;;5 639;10 083 €;;1;96;Pendente;Pendente;Pendente;11/01/2022;12/01/2022;25/05/2022;Pendente;;26/10/2023 05:34;;;72000000-5;10 083 €;10 083 €;2022;;25/05/2022;31/12/2022
143/2022;SUBMETIDO;Request for Bids for Building Materials;PR/051/2022;Criação do ambiente tecnológico e aplicacional do PlanAPP;PR/051/2022;;;GSIQ;12 385 €;Ajuste direto;PRR;;1;;;1;;;8 928;12 385 €;;3;37;Pendente;Pendente;Pendente;19/12/2022;21/12/2022;;Pendente;;26/10/2023 05:34;;;"	48000000-8";12 385 €;12 385 €;2022;;14/03/2023;14/05/2023
131/2023;SUBMETIDO;Procurement Request for Catering Supplies;PR/009/2022;Laboratório colaborativo de prospetiva – LAB2050.PT;PR/009/2022;;;Lab2050;19 408 €;Ajuste Direto;POAT;;;;;;;;11 449;19 408 €;;0;;Pendente;Pendente;Pendente;15/09/2023;15/09/2023;;Pendente;;26/10/2023 05:34;;;;19 408 €;19 408 €;2023;;02/10/2023;02/11/2023
095/2022;ADJUDICADO;RFP for Website Hosting Services;PR/005/2022;Reflexão estratégica - OCDE;PR/005/2022;;;AE;4 407 €;Ajuste direto simplificado;PRR;;;;;;;;8 093;4 407 €;;1;10;Pendente;Pendente;Pendente;11/10/2022;12/10/2022;25/10/2022;Pendente;;26/10/2023 05:32;;;;4 407 €;4 407 €;2022;;;
077/2022;ADJUDICADO;Request for Proposals for Printing Equipment;PR/009/2022;Laboratório colaborativo de prospetiva – LAB2050.PT;PR/009/2022;;27/07/2022;UTAIL;7 466 €;Ajuste direto;POAT;x;x;;;;x;;7 658;7 466 €;;7;26;Pendente;Pendente;Pendente;22/08/2022;31/08/2022;27/09/2022;Pendente;;26/10/2023 05:34;;;;7 466 €;7 466 €;2022;;15/09/2022;17/09/2022
078/2022;ADJUDICADO;Purchase Request for Office Furniture Installation;;;;;;PRI;18 644 €;Ajuste direto simplificado;Orçamento;;x;;;;x;;7 666;18 644 €;;1;17;Pendente;Pendente;Pendente;30/08/2022;31/08/2022;22/09/2022;Pendente;;26/10/2023 05:32;;;;18 644 €;18 644 €;2022;;;
117/2022;ADJUDICADO;RFQ for Security Personnel Services;;;;;;PRI;5 321 €;Ajuste direto simplificado;Orçamento;;1;;;3;;;8 383;5 321 €;;0;20;Pendente;Pendente;Pendente;04/11/2022;04/11/2022;02/12/2022;Pendente;;26/10/2023 05:32;;;;5 321 €;5 321 €;2022;;;
011/2022;ADJUDICADO;Procurement Request for Lab Testing Services;PR/051/2022;Criação do ambiente tecnológico e aplicacional do PlanAPP;PR/051/2022;;10/02/2022;RPP;21 267 €;Ajuste direto simplificado;PRR;X;;;;;;;6 024;21 267 €;;4;62;Pendente;Pendente;Pendente;18/02/2022;24/02/2022;17/05/2022;Pendente;;26/10/2023 05:31;;;;21 267 €;21 267 €;2022;;;
004/2022;ADJUDICADO;RFB for Construction Services;PR/002/2022;Plano de formação 2022;PR/002/2022;;27/01/2022;GCC;19 721 €;Ajuste direto simplificado;PRR;X;X;;;X;;;5 762;19 721 €;;0;38;Pendente;Pendente;Pendente;28/01/2022;28/01/2022;23/03/2022;Pendente;;26/10/2023 05:31;;;;19 721 €;19 721 €;2022;;;
120/2022;ADJUDICADO;Request for Bids for Marketing Campaign;PR/002/2022;Plano de formação 2022;PR/002/2022;;;RH;8 539 €;Ajuste direto simplificado;PRR;;;;;;;;8 517;8 539 €;;2;4;Pendente;Pendente;Pendente;10/11/2022;11/11/2022;15/11/2022;Pendente;;26/10/2023 05:32;;;;8 539 €;8 539 €;2022;;;
137/2022;ADJUDICADO;Procurement Request for Landscaping Supplies;;;;;;GSIQ;15 997 €;;Orçamento;;;;;;;;8 924;15 997 €;;8;24;Pendente;Pendente;Pendente;12/12/2022;21/12/2022;12/01/2023;Pendente;;26/10/2023 05:32;;;;15 997 €;15 997 €;2022;;;
070/2023;ADJUDICADO;RFP for Employee Training Services;PR/009/2022;Laboratório colaborativo de prospetiva – LAB2050.PT;PR/009/2022;;;Lab2050;7 399 €;Ajuste direto simplificado;POAT;;;;;;;;10 449;7 399 €;;0;1;Pendente;Pendente;Pendente;11/05/2023;11/05/2023;12/05/2023;Pendente;;26/10/2023 05:32;;;;7 399 €;7 399 €;2023;;;
136/2023;SUBMETIDO;Request for Quotation for Accounting Software;PR/009/2023;Plano de Avaliação para a ENCP;PR/009/2023;;;LAb2050;13 546 €;Ajuste Direto Simplificado;POAT;;;;;;;;11 366;13 546 €;;1;;Pendente;Pendente;Pendente;06/09/2023;07/09/2023;;Pendente;;26/10/2023 05:34;;;;13 546 €;13 546 €;2023;;06/10/2023;06/11/2023
106/2022;ADJUDICADO;Purchase Request for Health and Wellness Services;;;;;;PRI;17 826 €;Ajuste direto simplificado;Orçamento;;1;;;3;;;8 206;17 826 €;;0;7;Pendente;Pendente;Pendente;24/10/2022;24/10/2022;02/11/2022;Pendente;;26/10/2023 05:32;;;;17 826 €;17 826 €;2022;;;
020/2022;ADJUDICADO;RFQ for Office Security Systems;;;;;03/02/2022;GCC;5 086 €;Ajuste direto simplificado;Orçamento;X;;;;X;;;6 099;5 086 €;;1;6;Pendente;Pendente;Pendente;07/03/2022;08/03/2022;15/03/2022;Pendente;;26/10/2023 05:31;;;;5 086 €;5 086 €;2022;;;
006/2023;ADJUDICADO;Procurement Request for Event Venue Rental;;;;;;Direção;23 525 €;Ajuste direto simplificado;Orçamento;;1;;;1;;;9 237;23 525 €;;0;8;Pendente;Pendente;Pendente;20/01/2023;20/01/2023;01/02/2023;Pendente;;26/10/2023 05:31;;;;23 525 €;23 525 €;2023;;;
070/2022;ADJUDICADO;RFB for IT Equipment Maintenance;PR/002/2022;Plano de formação 2022;PR/002/2022;;;RPP;8 621 €;Ajuste direto simplificado;PRR;;;;;;;;7 532;8 621 €;;5;20;Pendente;Pendente;Pendente;03/08/2022;10/08/2022;31/08/2022;Pendente;;26/10/2023 05:32;;;;8 621 €;8 621 €;2022;;;
082/2023;ADJUDICADO;Request for Bids for Legal Representation;;;;;;AE-PI;16 269 €;Ajuste direto simplificado;Orçamento;;;;;;;;10 566;16 269 €;;1;5;Pendente;Pendente;Pendente;24/05/2023;25/05/2023;31/05/2023;Pendente;;26/10/2023 05:32;;;;16 269 €;16 269 €;2023;;;
111/2022;ADJUDICADO;Procurement Request for Graphic Design Supplies;;;;;;GCC;16 796 €;Ajuste direto simplificado;Orçamento;;;;;;;;8 289;16 796 €;;0;12;Pendente;Pendente;Pendente;28/10/2022;28/10/2022;15/11/2022;Pendente;;26/10/2023 05:32;;;;16 796 €;16 796 €;2022;;;
048/2022;ADJUDICADO;RFP for Research Equipment;PR/011/2022;Identidade corporativa PlanAPP;PR/011/2022;;26/05/2022;GCC;14 884 €;Ajuste direto simplificado;PRR;X;X;;;X;;;6 943;14 884 €;;5;17;Pendente;Pendente;Pendente;27/05/2022;03/06/2022;21/06/2022;Pendente;;26/10/2023 05:32;;;;14 884 €;14 884 €;2022;;;
132/2022;ADJUDICADO;Request for Proposals for Office Cleaning Equipment;PR/005/2022;Reflexão estratégica - OCDE;PR/005/2022;;;AE;16 908 €;Ajuste direto simplificado;PRR;;1;;;1;;;8 604;16 908 €;;0;12;Pendente;Pendente;Pendente;16/11/2022;16/11/2022;02/12/2022;Pendente;;26/10/2023 05:32;;;;16 908 €;16 908 €;2022;;;
109/2022;ADJUDICADO;Purchase Request for Safety Gear;;;;;;GCC;3 393 €;Ajuste direto simplificado;Orçamento;;;;;;;;8 287;3 393 €;;0;5;Pendente;Pendente;Pendente;28/10/2022;28/10/2022;04/11/2022;Pendente;;26/10/2023 05:32;;;;3 393 €;3 393 €;2022;;;
048/2023;ADJUDICADO;RFQ for Computer Software Development;;;;;;Direção;8 881 €;Ajuste direto simplificado;Orçamento;;;;;;;;10 041;8 881 €;;0;27;Pendente;Pendente;Pendente;30/03/2023;30/03/2023;08/05/2023;Pendente;;26/10/2023 05:32;;;;8 881 €;8 881 €;2023;;;
142/2022;ADJUDICADO;Procurement Request for Marketing Software;PR/002/2022;Plano de formação 2022;PR/002/2022;;;RH;14 475 €;Ajuste Direto Simplificado;PRR;;1;;;1;;;9 060;14 475 €;;1;5;Pendente;Pendente;Pendente;27/01/2023;27/01/2023;02/02/2023;Pendente;;26/10/2023 05:32;;;;14 475 €;14 475 €;2022;;;
146/2023;SUBMETIDO;RFB for Event Decorations;PR/007/2023;Ferramentas e guias metodológicos de monitorização estratégica;PR/007/2023;;;;4 787 €;Ajuste Direto Simplificado;Orçamento de Funcionamento;;;;;;;;11 480;4 787 €;;1;;Pendente;Pendente;Pendente;18/09/2023;19/09/2023;;Pendente;;26/10/2023 05:34;;;;4 787 €;4 787 €;2023;;25/10/2023;25/11/2023
069/2022;ADJUDICADO;Request for Bids for Fleet Management Services;PR/002/2022;Plano de formação 2022;PR/002/2022;;26/07/2022;AM;15 084 €;Ajuste direto simplificado;PRR;;X;;;X;;;7 452;15 084 €;;3;42;Pendente;Pendente;Pendente;26/07/2022;29/07/2022;22/09/2022;Pendente;;26/10/2023 05:32;;;;15 084 €;15 084 €;2022;;;
117/2023;ADJUDICADO;Procurement Request for Printing Services;PR/009/2022;Laboratório colaborativo de prospetiva – LAB2050.PT;PR/009/2022;;;;10 351 €;Ajuste Direto Simplificado;POAT;;;;;;;;11 063;10 351 €;;1;11;Resolvido;Pendente;Pendente;17/07/2023;18/07/2023;01/08/2023;Pendente;;26/10/2023 05:34;;;;10 351 €;10 351 €;2023;;01/08/2023;31/08/2023
066/2022;ADJUDICADO;RFP for Office Space Renovation;PR/002/2022;Plano de formação 2022;PR/002/2022;;13/07/2022;GCC;862 €;Contratação Excluída;PRR;;;;;;;;7 431;862 €;;9;17;Pendente;Pendente;Pendente;14/07/2022;27/07/2022;08/08/2022;Pendente;;26/10/2023 05:32;;;;862 €;862 €;2022;;;
076/2022;ADJUDICADO;Request for Quotation for Medical Services;;;;;;PP;24 102 €;Ajuste direto simplificado;Orçamento;;x;;;x;;;7 563;24 102 €;Não foi submetido na intranet;3;33;Pendente;Pendente;Pendente;12/08/2022;17/08/2022;28/09/2022;Pendente;;26/10/2023 05:32;;;;24 102 €;24 102 €;2022;;;
085/2023;ADJUDICADO;Purchase Request for Security Fencing;;;;;;AE;10 553 €;Ajuste direto simplificado;Orçamento;;;;;;;;10 580;10 553 €;;0;6;Pendente;Pendente;Pendente;26/05/2023;26/05/2023;05/06/2023;Pendente;;26/10/2023 05:32;;;;10 553 €;10 553 €;2023;;;
131/2022;ADJUDICADO;RFQ for Lab Equipment Repair;;;;;;UTGCC;7 065 €;Ajuste direto simplificado;Orçamento;;1;;;1;;;8 574;7 065 €;;0;15;Pendente;Pendente;Pendente;15/11/2022;15/11/2022;06/12/2022;Pendente;;26/10/2023 05:32;;;;7 065 €;7 065 €;2022;;;
101/2022;ADJUDICADO;Procurement Request for Pest Control Supplies;;;;;;GCC;4 119 €;Ajuste direto simplificado;Orçamento;;1;;;1;;;8 261;4 119 €;Aguarada FF;2;59;Pendente;Pendente;Pendente;24/10/2022;26/10/2022;13/01/2023;Pendente;;26/10/2023 05:32;;;;4 119 €;4 119 €;2022;;;
105/2023;ADJUDICADO;RFB for Architectural Design Services;;;;;;Avaliação;19 895 €;Ajuste Direto Simplificado;Orçamento de Estado;;;;;;;;10 887;19 895 €;;2;12;Pendente;Pendente;Pendente;28/06/2023;30/06/2023;14/07/2023;Pendente;;26/10/2023 05:32;;;;19 895 €;19 895 €;2023;;;
141/2023;SUBMETIDO;Request for Bids for Waste Management Services;;;;;;GPRI;2 409 €;Ajuste Direto Simplificado;Orçamento de Estado;;;;;;;;11 422;2 409 €;;2;;Pendente;Pendente;Pendente;11/09/2023;13/09/2023;;Pendente;;26/10/2023 05:34;;;;2 409 €;2 409 €;2023;;06/10/2023;06/11/2023
079/2022;ADJUDICADO;Procurement Request for Construction Supplies;;;;;;GSIQ;1 660 €;Ajuste direto simplificado;Orçamento;;x;;;;;;8 288;1 660 €;;13;17;Pendente;Pendente;Pendente;11/10/2022;28/10/2022;03/11/2022;Pendente;;26/10/2023 05:32;;;;1 660 €;1 660 €;2022;;;
139/2023;SUBMETIDO;RFP for Accounting Software;;;;;;Direção;4 603 €;Ajuste Direto Simplificado;Orçamento de Estado;;;;;;;;11 419;4 603 €;;2;;Pendente;Pendente;Pendente;11/09/2023;13/09/2023;;Pendente;;26/10/2023 05:32;;;;4 603 €;4 603 €;2023;;;
049/2023;SUBMETIDO;Request for Proposals for IT Infrastructure;PR/047/2022;Elaboração do plano de formação 2023;PR/047/2022;;;NRH;7 082 €;Ajuste Direto Simplificado;PRR;;;;;;;;11 072;7 082 €;;0;;Resolvido;Pendente;Pendente;19/07/2023;19/07/2023;;Pendente;;26/10/2023 05:34;;;;7 082 €;7 082 €;2023;;01/08/2023;31/08/2023
073/2023;ADJUDICADO;Purchase Request for Advertising Materials;PR/082/2022;Workshops Ciência e Política Pública;PR/082/2022;;;;21 957 €;Ajuste direto simplificado;PRR;;;;;;;;10 379;21 957 €;;1;2;Pendente;Pendente;Pendente;04/05/2023;05/05/2023;08/05/2023;Pendente;;26/10/2023 05:32;;;;21 957 €;21 957 €;2023;;;
054/2023;ADJUDICADO;RFQ for HR Training Services;;;;;;GPRI;18 174 €;Ajuste Direto Simplificado;Orçamento de Estado;;;;;;;;10 134;18 174 €;;1;4;Pendente;Pendente;Pendente;11/04/2023;12/04/2023;17/04/2023;Pendente;;26/10/2023 05:32;;;;18 174 €;18 174 €;2023;;;
047/2023;ADJUDICADO;Procurement Request for Cleaning Equipment;PR/008/2023;ODS - Relatório Voluntário Nacional 2023;PR/008/2023;;;GPRI;23 350 €;Ajuste direto simplificado;Orçamento;;;;;;;;10 045;23 350 €;;2;4;;Pendente;;29/03/2023;31/03/2023;04/04/2023;Pendente;;26/10/2023 05:32;;;;23 350 €;23 350 €;2023;;;
045/2023;ADJUDICADO;RFB for Marketing Consultation;PR/009/2022;Laboratório colaborativo de prospetiva – LAB2050.PT;PR/009/2022;;;Lab2050;12 400 €;Ajuste direto simplificado;POAT;;;;;;;;10 036;12 400 €;;0;37;Pendente;Pendente;Pendente;29/03/2023;29/03/2023;19/05/2023;Pendente;;26/10/2023 05:32;;;;12 400 €;12 400 €;2023;;;
067/2023;SUBMETIDO;Request for Bids for Laboratory Equipment;;;;;;AE;21 805 €;Ajuste direto simplificado;Orçamento;;;;;;;;10 223;21 805 €;;0;3;Pendente;Pendente;Pendente;19/04/2023;19/04/2023;24/04/2023;Pendente;;26/10/2023 05:32;;;;21 805 €;21 805 €;2023;;;
026/2022;ADJUDICADO;Procurement Request for Vehicle Leasing;;;;;17/03/2022;GCC;23 225 €;Ajuste direto simplificado;Orçamento;;X;;;X;;;6 232;23 225 €;;2;13;Pendente;Pendente;Pendente;18/03/2022;22/03/2022;06/04/2022;Pendente;;26/10/2023 05:31;;;;23 225,00 €;23 225,00 €;2022;;;
071/2023;ADJUDICADO;RFP for Roofing Services;PR/008/2022;Publicações periódicas;PR/008/2022;;;AM;9 322 €;Ajuste direto simplificado;Orçamento;;;;;;;;10 364;9 322 €;;1;5;Pendente;Pendente;Pendente;03/05/2023;04/05/2023;10/05/2023;Pendente;;26/10/2023 05:32;;;;9 322,00 €;9 322,00 €;2023;;;
007/2023;ADJUDICADO;Request for Quotation for Copywriting Supplies;;;;;;GPRI;10 359 €;Ajuste direto simplificado;Orçamento;;1;;;;;;9 262;10 359 €;;0;2;Pendente;Pendente;Pendente;23/01/2023;23/01/2023;25/01/2023;Pendente;;26/10/2023 05:31;;;;10 359,00 €;10 359,00 €;2023;;;
116/2022;ADJUDICADO;Purchase Request for Legal Books;;;;;;Direção;3 818 €;Ajuste direto simplificado;Orçamento;;;;;;;;8 551;3 818 €;Aguarda cabimento;2;7;Pendente;Pendente;Pendente;10/11/2022;14/11/2022;21/11/2022;Pendente;;26/10/2023 05:32;;;;3 818,00 €;3 818,00 €;2022;;;
029/2023;ADJUDICADO;RFQ for Landscaping Services;PR/082/2022;Workshops Ciência e Política Pública;PR/082/2022;;;Replan;9 243 €;Ajuste Direto Simplificado;Orçamento;;;;;;;;9 727;9 243 €;;2;9;Pendente;Pendente;Pendente;01/03/2023;03/03/2023;14/03/2023;Pendente;;26/10/2023 05:32;;;;9 243,00 €;9 243,00 €;2023;;;
095/2023;ADJUDICADO;Procurement Request for Office Stationery;;;;;;GPRI;18 317 €;Ajuste direto simplificado;Orçamento;;;;;;;;10 708;18 317 €;;0;13;Pendente;Pendente;Pendente;09/06/2023;09/06/2023;28/06/2023;Pendente;;26/10/2023 05:32;;;;18 317,00 €;18 317,00 €;2023;;;
045/2022;ADJUDICADO;RFB for Event Catering Services;PR/008/2022;Publicações periódicas;PR/008/2022;;29/04/2022;GCC;15 174 €;Ajuste direto;PRR;;X;;;;;;6 638;15 174 €;;2;13;Pendente;Pendente;Pendente;02/05/2022;04/05/2022;19/05/2022;Pendente;;26/10/2023 05:34;;;;15 174,00 €;15 174,00 €;2022;;19/05/2022;18/05/2023
125/2022;ADJUDICADO;Request for Bids for Web Development Services;;;;;;AE;20 454 €;;PRR;;;;;;;;8 521;20 454 €;;0;11;Pendente;Pendente;Pendente;11/11/2022;11/11/2022;28/11/2022;Pendente;;26/10/2023 05:34;;;;20 454,00 €;20 454,00 €;2022;;21/11/2022;21/11/2022
012/2023;ADJUDICADO;Procurement Request for Office Security Systems;PR/082/2022;Workshops Ciência e Política Pública;PR/082/2022;;;Parcerias e Inovação;15 364 €;Ajuste Direto Simplificado;PRR;;;;;;;;9 482;15 364 €;;0;2;Pendente;Pendente;Pendente;10/02/2023;10/02/2023;14/02/2023;Pendente;;26/10/2023 05:32;;;;15 364,00 €;15 364,00 €;2023;;;
069/2023;ADJUDICADO;RFP for Research Supplies;;;;;;GSI;1 032 €;Ajuste direto simplificado;PRR;;;;;;;;10 434;1 032 €;;1;3;Pendente;Pendente;Pendente;10/05/2023;11/05/2023;15/05/2023;Pendente;;26/10/2023 05:34;;;;1 032,00 €;1 032,00 €;2023;;15/05/2023;14/05/2024
142/2023;SUBMETIDO;Request for Proposals for Medical Equipment Maintenance;PR/074/2022;Estudos Prospetivos;PR/074/2022;;;UTPP;1 780 €;Ajuste Direto Simplificado;Orçamento de Estado;;;;;;;;11 445;1 780 €;;1;;Pendente;Pendente;Pendente;15/09/2023;18/09/2023;;Pendente;;26/10/2023 05:34;;;;1 780,00 €;1 780,00 €;2023;;19/10/2023;19/11/2023
077/2023;ADJUDICADO;Purchase Request for Cleaning Products;;;;;;GSI;19 581 €;Ajuste direto simplificado;Orçamento;;;;;;;;10 489;19 581 €;;0;24;Pendente;Pendente;Pendente;19/05/2023;19/05/2023;22/06/2023;Pendente;;26/10/2023 05:32;;;;19 581,00 €;19 581,00 €;2023;;;
035/2023;ADJUDICADO;RFQ for IT Security Services;;;;;;GCC;13 296 €;Ajuste direto simplificado;Orçamento;;;;;;;;9 908;13 296 €;;0;8;Pendente;Pendente;Pendente;17/03/2023;17/03/2023;29/03/2023;Pendente;;26/10/2023 05:34;;;;13 296,00 €;13 296 €;2023;;29/03/2023;29/04/2024
005/2022;ADJUDICADO;Procurement Request for Legal Consultation;;;;;21/01/2022;GCC;13 157 €;Ajuste Direto Simplificado;Orçamento;X;X;;;X;X;;5 833;13 157 €;;4;98;Pendente;Pendente;Pendente;03/02/2022;09/02/2022;21/06/2022;Pendente;;26/10/2023 05:31;;;;13 157,00 €;13 157,00 €;2022;;;
128/2023;SUBMETIDO;RFB for Construction Equipment Rental;;;;;;EMCE;12 004 €;Ajuste Direto;Orçamento de Estado;;;;;;;;11 297;12 004 €;;0;;Pendente;Pendente;Pendente;28/08/2023;28/08/2023;;Pendente;;26/10/2023 05:34;;;;12 004,00 €;12 004,00 €;2023;;24/10/2023;24/11/2023
027/2023;ADJUDICADO;Request for Bids for Plumbing Services;PR/047/2022;Elaboração do plano de formação 2023;PR/047/2022;;;NRH;20 694 €;Ajuste Direto Simplificado;PRR;;;;;;;;9 732;20 694 €;;1;5;Pendente;Pendente;Pendente;02/03/2023;03/03/2023;09/03/2023;Pendente;;26/10/2023 05:32;;;;20 694,00 €;20 694,00 €;2023;;;
139/2022;ADJUDICADO;Procurement Request for Computer Software Licenses;;;;;;AE;24 282 €;Ajuste direto simplificado;Orçamento;;1;;;1;;;8 265;24 282 €;;1;9;Pendente;Pendente;Pendente;14/12/2022;14/12/2022;26/12/2022;Pendente;;26/10/2023 05:32;;;;24 282,00 €;24 282,00 €;2022;;;
090/2022;ADJUDICADO;RFP for Graphic Design Supplies;;;;;22/09/2022;AP;18 969 €;Ajuste direto simplificado;Orçamento;;X;;;X;;;7 946;18 969 €;;1;28;Pendente;Pendente;Pendente;26/09/2022;27/09/2022;03/11/2022;Pendente;;26/10/2023 05:32;;;;18 969,00 €;18 969,00 €;2022;;;
046/2022;ADJUDICADO;Request for Quotation for Event Planning Services;PR/008/2022;Publicações periódicas;PR/008/2022;;29/04/2022;GCC;18 080 €;Ajuste direto;PRR;;X;;;;;;6 648;18 080 €;;2;13;Pendente;Pendente;Pendente;02/05/2022;04/05/2022;19/05/2022;Pendente;;26/10/2023 05:34;;;;18 080,00 €;18 080,00 €;2022;;19/05/2022;18/05/2023
014/2022;ADJUDICADO;Purchase Request for Office Space Lease Renewal;;;;;15/02/2022;GCC;23 347 €;Ajuste direto simplificado;Orçamento;X;X;;;;;;6 028;23 347 €;;3;102;Pendente;Pendente;Pendente;21/02/2022;24/02/2022;13/07/2022;Pendente;;26/10/2023 05:31;;;;23 347,00 €;23 347,00 €;2022;;;
036/2023;ADJUDICADO;RFQ for Printing Equipment Maintenance;PR/009/2022;Laboratório colaborativo de prospetiva – LAB2050.PT;PR/009/2022;;;Lab2050;10 357 €;Ajuste direto simplificado;POAT;;;;;;;;9 907;10 357 €;;0;26;Pendente;Pendente;Pendente;17/03/2023;17/03/2023;24/04/2023;Pendente;;26/10/2023 05:32;;;;10 357,00 €;10 357,00 €;2023;;;
008/2022;ADJUDICADO;Procurement Request for Pest Control Services;;;;;04/02/2022;GCC;7 484 €;Ajuste direto simplificado;Orçamento;X;X;;;;X;;5 897;7 484 €;;5;9;Pendente;Pendente;Pendente;08/02/2022;15/02/2022;21/02/2022;Pendente;;26/10/2023 05:31;;;;7 484,00 €;7 484,00 €;2022;;;
112/2023;ADJUDICADO;RFB for Land Acquisition Services;;;;;;;24 670 €;Ajuste Direto Simplificado;Orçamento;;;;;;;;10 853;24 670 €;;1;17;Pendente;Pendente;Pendente;26/06/2023;27/06/2023;19/07/2023;Pendente;;26/10/2023 05:32;;;;24 670,00 €;24 670,00 €;2023;;;
143/2023;SUBMETIDO;Request for Bids for Marketing Campaign Materials;PR/047/2022;Elaboração do plano de formação 2023;PR/047/2022;;;NRH;23 699 €;Ajuste Direto Simplificado;PRR;;;;;;;;11 478;23 699 €;;2;;Pendente;Pendente;Pendente;15/09/2023;19/09/2023;;Pendente;;26/10/2023 05:34;;;;23 699,00 €;23 699,00 €;2023;;25/10/2023;25/11/2023
084/2022;ADJUDICADO;Procurement Request for Lab Testing Equipment;;;;;09/09/2022;PRI;7 453 €;Ajuste direto simplificado;Orçamento;;X;;;X;;;7 803;7 453 €;;2;30;Pendente;Pendente;Pendente;13/09/2022;15/09/2022;25/10/2022;Pendente;;26/10/2023 05:32;;;;7 453,00 €;7 453,00 €;2022;;;
138/2022;ADJUDICADO;RFP for Office Furniture Installation Services;;;;;;AE;12 540 €;Ajuste direto simplificado;Orçamento;;1;;;1;;;8 262;12 540 €;;1;7;Pendente;Pendente;Pendente;14/12/2022;14/12/2022;22/12/2022;Pendente;;26/10/2023 05:32;;;;12 540,00 €;12 540,00 €;2022;;;
024/2023;ADJUDICADO;Request for Proposals for Security Camera Installation;;;;;;GCC;4 332 €;Ajuste Direto Simplificado;PRR;;;;;;;;9 691;4 332 €;;0;2;Pendente;Pendente;Pendente;01/03/2023;01/03/2023;03/03/2023;Pendente;;26/10/2023 05:32;;;;4 332,00 €;4 332,00 €;2023;;;
125/2023;SUBMETIDO;Purchase Request for Medical Supplies;;;;;;EMGPRI;14 682 €;Ajuste Direto Simplificado;Orçamento de Estado;;;;;;;;11 280;14 682 €;;1;;Pendente;Pendente;Pendente;23/08/2023;24/08/2023;;Pendente;;26/10/2023 05:34;;;;14 682,00 €;14 682,00 €;2023;;04/10/2023;04/11/2023
021/2023;ADJUDICADO;RFQ for Vehicle Maintenance Services;;;;;;GPRI;16 268 €;Ajuste Direto Simplificado;Orçamento de Estado;;1;;;;1;;9 583;16 268 €;;0;69;Pendente;Pendente;Pendente;22/02/2023;22/02/2023;30/05/2023;Pendente;;26/10/2023 05:32;;;;16 268,00 €;16 268,00 €;2023;;;
121/2022;ADJUDICADO;Procurement Request for Roof Repair Services;PR/061/2022;Bases para a constituição da RePLAN;PR/061/2022;;;GCC;1 941 €;Ajuste direto simplificado;Orçamento;;;;;2;;;8 428;1 941 €;;1;7;Pendente;Pendente;Pendente;07/11/2022;08/11/2022;16/11/2022;Pendente;;26/10/2023 05:32;;;;1 941,00 €;1 941,00 €;2022;;;
037/2023;ADJUDICADO;RFB for Electrical Repairs;PR/009/2022;Laboratório colaborativo de prospetiva – LAB2050.PT;PR/009/2022;;;Lab2050;8 241 €;Ajuste direto simplificado;POAT;;;;;;;;9 959;8 241 €;;0;3;Pendente;Pendente;Pendente;22/03/2023;22/03/2023;27/03/2023;Pendente;;26/10/2023 05:32;;;;8 241,00 €;8 241,00 €;2023;;;
049/2022;ADJUDICADO;Request for Bids for Legal Research Services;PR/011/2022;Identidade corporativa PlanAPP;PR/011/2022;;26/05/2022;GCC;2 179 €;Ajuste direto simplificado;PRR;X;X;;;;;;7 003;2 179 €;;7;19;Pendente;Pendente;Pendente;27/05/2022;07/06/2022;23/06/2022;Pendente;;26/10/2023 05:32;;;;2 179,00 €;2 179,00 €;2022;;;
003/2022;ADJUDICADO;Procurement Request for Training Equipment;PR/002/2022;Plano de formação 2022;PR/002/2022;;27/01/2022;GCC;15 451 €;Ajuste direto simplificado;PRR;X;X;;;X;;;5 759;15 451 €;;0;38;Pendente;Pendente;Pendente;28/01/2022;28/01/2022;23/03/2022;Pendente;;26/10/2023 05:31;;;;15 451,00 €;15 451,00 €;2022;;;
087/2023;ADJUDICADO;RFP for Janitorial Supplies;PR/082/2022;Workshops Ciência e Política Pública;PR/082/2022;;;PI;14 004 €;Ajuste Direto Simplificado;Orçamento de Estado;;;;;;;;10 646;14 004 €;;2;21;Pendente;Pendente;Pendente;30/05/2023;01/06/2023;28/06/2023;Pendente;;26/10/2023 05:34;;;;14 004,00 €;14 004,00 €;2023;;17/10/2023;17/11/2023
113/2022;ADJUDICADO;Request for Quotation for IT Consultation;PR/002/2022;Plano de formação 2022;PR/002/2022;;;RH;21 010 €;Ajuste direto simplificado;PRR;;;;;;;;8 326;21 010 €;;2;11;Pendente;Pendente;Pendente;31/10/2022;02/11/2022;15/11/2022;Pendente;;26/10/2023 05:32;;;;21 010,00 €;21 010,00 €;2022;;;
007/2022;ADJUDICADO;Purchase Request for HR Consulting Services;;;;;07/02/2022;GCC;22 142 €;Ajuste direto simplificado;Orçamento;X;X;;;;X;;5 898;22 142 €;;5;10;Pendente;Pendente;Pendente;08/02/2022;15/02/2022;22/02/2022;Pendente;;26/10/2023 05:31;;;;22 142,00 €;22 142,00 €;2022;;;
022/2023;ADJUDICADO;RFQ for Plumbing Supplies;PR/002/2022;Plano de formação 2022;PR/002/2022;;;NRH;23 094 €;Ajuste Direto Simplificado;PRR;;;;;;;;9 695;23 094 €;;0;3;Pendente;Pendente;Pendente;01/03/2023;01/03/2023;06/03/2023;Pendente;;26/10/2023 05:32;;;;23 094,00 €;23 094,00 €;2023;;;
081/2022;ADJUDICADO;Procurement Request for Building Materials;;;;;06/09/2022;PRI;7 929 €;Ajuste direto simplificado;Orçamento;;X;;;X;;;7 700;7 929 €;;0;12;Pendente;Pendente;Pendente;06/09/2022;06/09/2022;22/09/2022;Pendente;;26/10/2023 05:32;;;;7 929,00 €;7 929,00 €;2022;;;
084/2023;ADJUDICADO;RFB for Catering Supplies;;;;;;GPRI;17 046 €;Ajuste direto simplificado;Orçamento;;;;;;;;10 645;17 046 €;;0;24;Pendente;Pendente;Pendente;01/06/2023;01/06/2023;05/07/2023;Pendente;;26/10/2023 05:32;;;;17 046,00 €;17 046,00 €;2023;;;
152/2023;SUBMETIDO;Request for Bids for Marketing Materials;PR/082/2022;Workshops Ciência e Política Pública;PR/082/2022;;;PI;7 233 €;Ajuste Direto Simplificado;Orçamento de Estado;;;;;;;;11 538;7 233 €;;2;;Pendente;Pendente;Pendente;22/09/2023;26/09/2023;;Pendente;;26/10/2023 05:34;;;;7 233,00 €;7 233,00 €;2023;;16/10/2023;16/11/2023
055/2022;ADJUDICADO;Procurement Request for Website Hosting Services;PR/005/2022;Reflexão estratégica - OCDE;PR/005/2022;;30/05/2022;AE;3 827 €;Ajuste direto simplificado;PRR;X;;;;;;;6 941;3 827 €;;1;13;Pendente;Pendente;Pendente;02/06/2022;03/06/2022;21/06/2022;Pendente;;26/10/2023 05:32;;;;3 827,00 €;3 827,00 €;2022;;;
034/2023;ADJUDICADO;RFP for Printing Equipment Installation;PR/008/2023;ODS - Relatório Voluntário Nacional 2023;PR/008/2023;;;AM;4 387 €;Ajuste direto simplificado;Orçamento;;;;;;;;9 955;4 387 €;;1;4;Pendente;Pendente;Pendente;21/03/2023;22/03/2023;27/03/2023;Pendente;;26/10/2023 05:32;;;;4 387,00 €;4 387,00 €;2023;;;
010/2022;ADJUDICADO;Request for Proposals for Security Personnel Services;PR/002/2022;Plano de formação 2022;PR/002/2022;;18/02/2022;GCC;2 358 €;Contratação Excluída;PRR;X;X;;;;;;6 001;2 358 €;Publicado no portal base a 12/04;1;32;Pendente;Pendente;Pendente;21/02/2022;22/02/2022;05/04/2022;Pendente;;26/10/2023 05:31;;;80510000-2;2 358,00 €;2 358,00 €;2022;;;
032/2022;ADJUDICADO;Purchase Request for Lab Testing Services;PR/002/2022;Plano de formação 2022;PR/002/2022;;06/04/2022;GCC;3 735 €;Ajuste direto simplificado;PRR;;X;;;;X;;6 540;3 735 €;;9;26;Pendente;Pendente;Pendente;11/04/2022;22/04/2022;17/05/2022;Pendente;;26/10/2023 05:31;;;;3 735,00 €;3 735,00 €;2022;;;
038/2023;ADJUDICADO;Procurement Request for Office Supplies;PR/009/2022;Laboratório colaborativo de prospetiva – LAB2050.PT;PR/009/2022;;;Lab 2050;19 571 €;Ajuste direto simplificado;POAT;;;;;;;;9 995;19 571 €;;1;22;Pendente;Pendente;Pendente;23/03/2023;24/03/2023;24/04/2023;Pendente;;26/10/2023 05:32;;;;19 571,00 €;19 571,00 €;2023;;;
074/2023;ADJUDICADO;Request for Proposals (RFP) for IT Hardware;PR/082/2022;Workshops Ciência e Política Pública;PR/082/2022;;;;18 081 €;Ajuste direto simplificado;Orçamento;;;;;;;;10 418;18 081 €;;1;4;Pendente;Pendente;Pendente;08/05/2023;09/05/2023;12/05/2023;Pendente;;26/10/2023 05:32;;;;18 081,00 €;18 081,00 €;2023;;;
015/2022;ADJUDICADO;Purchase Request for Vehicle Maintenance Services;;;;;18/02/2022;GCC;23 205 €;Ajuste direto simplificado;Orçamento;X;X;;;;;;6 029;23 205 €;;3;102;Pendente;Pendente;Pendente;21/02/2022;24/02/2022;13/07/2022;Pendente;;26/10/2023 05:31;;;;23 205,00 €;23 205,00 €;2022;;;
068/2023;ADJUDICADO;Request for Quotation (RFQ) for Cleaning Services;PR/009/2022;Laboratório colaborativo de prospetiva – LAB2050.PT;PR/009/2022;;;Lab2050;10 088 €;Ajuste direto simplificado;POAT;;;;;;;;10 262;10 088 €;;4;19;Pendente;Pendente;Pendente;20/04/2023;26/04/2023;17/05/2023;Pendente;;26/10/2023 05:32;;;;10 088,00 €;10 088,00 €;2023;;;
018/2022;ADJUDICADO;Procurement Request for Construction Materials;PR/002/2022;Plano de formação 2022;PR/002/2022;;28/02/2022;GCC;15 618 €;Ajuste direto simplificado;PRR;;X;;;X;;;6 126;15 618 €;;6;16;Pendente;Pendente;Pendente;02/03/2022;10/03/2022;24/03/2022;Pendente;;26/10/2023 05:31;;;;15 618,00 €;15 618,00 €;2022;;;
089/2022;SUBMETIDO;RFP for Software Development Services;;;;;21/09/2022;ME;3 684 €;Ajuste direto simplificado;Orçamento;;X;;;;;;8 019;3 684 €;Aguarada preenchimento da ficha de fornecedor;9;99;Pendente;Pendente;Pendente;21/09/2022;04/10/2022;;Pendente;;26/10/2023 05:32;;;;3 684,00 €;3 684,00 €;2022;;;
145/2023;SUBMETIDO;Request for Bids (RFB) for Security Equipment;PR/009/2022;Laboratório colaborativo de prospetiva – LAB2050.PT;PR/009/2022;;;;23 461 €;Ajuste Direto Simplificado;POAT;;;;;;;;11 460;23 461 €;;2;;Pendente;Pendente;Pendente;15/09/2023;19/09/2023;;Pendente;;26/10/2023 05:34;;;;23 461,00 €;23 461 €;2023;;24/10/2023;24/11/2023
039/2023;ADJUDICADO;Purchase Request for Furniture;PR/008/2023;ODS - Relatório Voluntário Nacional 2023;PR/008/2023;;;AM;14 115 €;Ajuste Direto Simplificado;Orçamento de Estado;;;;;;;;10 137;14 115 €;;0;3;Pendente;Pendente;Pendente;12/04/2023;12/04/2023;17/04/2023;Pendente;;26/10/2023 05:32;;;;14 115,00 €;14 115,00 €;2023;;;
019/2022;ADJUDICADO;RFQ for Printing and Marketing Services;PR/002/2022;Plano de formação 2022;PR/002/2022;;28/02/2022;GCC;11 073 €;Ajuste direto simplificado;PRR;;X;;;X;;;6 127;11 073 €;;6;16;Pendente;Pendente;Pendente;02/03/2022;10/03/2022;24/03/2022;Pendente;;26/10/2023 05:31;;;;11 073,00 €;11 073,00 €;2022;;;
079/2023;ADJUDICADO;Procurement Request for Electrical Equipment;;;;;;GPRI;10 920 €;Ajuste direto simplificado;Orçamento;;;;;;;;10 532;10 920 €;;0;2;Pendente;Pendente;Pendente;23/05/2023;23/05/2023;25/05/2023;Pendente;;26/10/2023 05:34;;;;10 920,00 €;10 920,00 €;2023;;16/08/2023;15/09/2023
053/2022;ADJUDICADO;RFP for Legal Services;PR/011/2022;Identidade corporativa PlanAPP;PR/011/2022;;26/05/2022;GCC;14 897 €;Ajuste direto simplificado;PRR;X;X;;;;;;7 009;14 897 €;;7;19;Pendente;Pendente;Pendente;27/05/2022;07/06/2022;23/06/2022;Pendente;;26/10/2023 05:32;;;;14 897,00 €;14 897,00 €;2022;;;
021/2022;ADJUDICADO;Request for Proposals for Catering Services;;;;;03/03/2022;GCC;4 087 €;Ajuste direto simplificado;Orçamento;X;;;;X;;;6 101;4 087 €;;1;5;Pendente;Pendente;Pendente;07/03/2022;08/03/2022;14/03/2022;Pendente;;26/10/2023 05:31;;;;4 087,00 €;4 087,00 €;2022;;;
040/2023;ADJUDICADO;Purchase Request for Medical Equipment;PR/055/2022;Avaliação OPJP;PR/055/2022;;;AP;1 949 €;Ajuste direto simplificado;Orçamento;;;;;;;;9 927;1 949 €;;1;6;Pendente;Pendente;Pendente;17/03/2023;20/03/2023;27/03/2023;Pendente;;26/10/2023 05:32;;;;1 949,00 €;1 949,00 €;2023;;;
022/2022;ADJUDICADO;RFQ for Landscaping and Gardening Services;PR/002/2022;Plano de formação 2022;PR/002/2022;;22/02/2022;GCC;6 804 €;Ajuste direto simplificado;PRR;X;X;;;X;;;6 074;6 804 €;;8;22;Pendente;Pendente;Pendente;22/02/2022;04/03/2022;24/03/2022;Pendente;;26/10/2023 05:31;;;;6 804,00 €;6 804,00 €;2022;;;
017/2022;ADJUDICADO;Procurement Request for Laboratory Supplies;PR/002/2022;Plano de formação 2022;PR/002/2022;;28/02/2022;GCC;2 494 €;Ajuste direto simplificado;PRR;;X;;;X;;;6 124;2 494 €;;6;16;Pendente;Pendente;Pendente;02/03/2022;10/03/2022;24/03/2022;Pendente;;26/10/2023 05:31;;;;2 494,00 €;2 494,00 €;2022;;;
013/2023;ADJUDICADO;RFB for Renovation and Building Maintenance;PR/009/2022;Laboratório colaborativo de prospetiva – LAB2050.PT;PR/009/2022;;;Lab2050;4 548 €;Ajuste Direto Simplificado;POAT;;1;;;2;;;9 531;4 548 €;;1;4;Pendente;Pendente;Pendente;14/02/2023;15/02/2023;20/02/2023;Pendente;;26/10/2023 05:32;;;;4 548,00 €;4 548,00 €;2023;;;
013/2022;ADJUDICADO;Request for Bids for Telecommunications Equipment;;;;;10/02/2022;GCC;23 574 €;Ajuste direto simplificado;Orçamento;X;X;;;;;;6 027;23 574 €;;3;102;Pendente;Pendente;Pendente;21/02/2022;24/02/2022;13/07/2022;Pendente;;26/10/2023 05:31;;;;23 574,00 €;23 574,00 €;2022;;;
041/2023;ADJUDICADO;Procurement Request for Audio-Visual Equipment;;;;;;Direção;20 138 €;Ajuste direto simplificado;Orçamento;;;;;;;;9 926;20 138 €;;1;6;Pendente;Pendente;Pendente;17/03/2023;20/03/2023;27/03/2023;Pendente;;26/10/2023 05:32;;;;20 138,00 €;20 138,00 €;2023;;;
044/2022;ADJUDICADO;RFP for Web Design and Development Services;;;;;29/04/2022;GCC;7 418 €;Ajuste direto simplificado;Orçamento;;X;;;;;;6 609;7 418 €;Aguarda compromisso;1;65;Pendente;Pendente;Pendente;29/04/2022;02/05/2022;29/07/2022;Pendente;;26/10/2023 05:32;;;;7 418,00 €;7 418,00 €;2022;;;
032/2023;ADJUDICADO;Purchase Request for Uniforms and Apparel;PR/073/2022;Sistematização de instrumentos planeamento;PR/073/2022;;;PP;4 414 €;Ajuste Direto Simplificado;PRR;;;;;;;;9 873;4 414 €;;0;23;Pendente;Pendente;Pendente;17/03/2023;17/03/2023;19/04/2023;Pendente;;26/10/2023 05:32;;;;4 414,00 €;4 414 €;2023;;;
052/2023;ADJUDICADO;RFQ for Janitorial Services;PR/073/2022;Sistematização de instrumentos planeamento;PR/073/2022;;;PP;7 611 €;Ajuste Direto Simplificado;Orçamento;;;;;;;;10 487;7 611 €;;0;4;Pendente;Pendente;Pendente;17/05/2023;17/05/2023;23/05/2023;Pendente;;26/10/2023 05:32;;;;7 611,00 €;7 611,00 €;2023;;;
148/2023;SUBMETIDO;Request for Proposals for Marketing Consultation;;;;;;EMGSI;16 695 €;Ajuste Direto Simplificado;Orçamento de Estado;;;;;;;;11 500;16 695 €;;0;;Pendente;Pendente;Pendente;20/09/2023;20/09/2023;;Pendente;;26/10/2023 05:34;;;;16 695,00 €;16 695,00 €;2023;;;
101/2023;ADJUDICADO;Procurement Request for Safety Equipment;PR/082/2022;Workshops Ciência e Política Pública;PR/082/2022;;;PI;16 092 €;Ajuste Direto Simplificado;Orçamento de Estado;;;;;;;;10 818;16 092 €;;3;56;Pendente;Pendente;Pendente;19/06/2023;22/06/2023;05/09/2023;Pendente;;26/10/2023 05:32;;;;16 092,00 €;16 092,00 €;2023;;;
031/2022;ADJUDICADO;RFP for Transport and Logistics Services;PR/002/2022;Plano de formação 2022;PR/002/2022;;23/03/2022;GCC;17 919 €;Ajuste direto simplificado;PRR;;X;;;;;;6 338;17 919 €;;8;23;Pendente;Pendente;Pendente;24/03/2022;05/04/2022;26/04/2022;Pendente;;26/10/2023 05:31;;;;17 919,00 €;17 919,00 €;2022;;;
124/2023;SUBMETIDO;Request for Quotation for Office Furniture;PR/009/2022;Laboratório colaborativo de prospetiva – LAB2050.PT;PR/009/2022;;;LAb2050;22 294 €;Ajuste Direto Simplificado;POAT;;;;;;;;11 167;22 294 €;;0;;Pendente;Pendente;Pendente;01/08/2023;01/08/2023;;Pendente;;26/10/2023 05:34;;;;22 294,00 €;22 294,00 €;2023;;06/10/2023;06/11/2023
010/2023;ADJUDICADO;Purchase Request for Training Services;;;;;;PP;22 735 €;Ajuste direto simplificado;Orçamento;;1;;;1;;;9 385;22 735 €;;0;1;Pendente;Pendente;Pendente;02/02/2023;02/02/2023;03/02/2023;Pendente;;26/10/2023 05:31;;;;22 735,00 €;22 735,00 €;2023;;;
109/2023;SUBMETIDO;RFQ for HVAC Maintenance Services;;;;;;EMGSI;11 735 €;Ajuste Direto Simplificado;Orçamento de Estado;;;;;;;;11 305;11 735 €;;41;;Pendente;Pendente;Pendente;05/07/2023;31/08/2023;;Pendente;;26/10/2023 05:34;;;;11 735,00 €;11 735,00 €;2023;;25/10/2023;25/11/2023
119/2023;ADJUDICADO;Procurement Request for Security Services;PR/009/2022;Laboratório colaborativo de prospetiva – LAB2050.PT;PR/009/2022;;;;22 668 €;Ajuste Direto;POAT;;;;;;;;11 074;22 668 €;;0;5;Resolvido;Pendente;Pendente;19/07/2023;19/07/2023;26/07/2023;Pendente;;26/10/2023 05:34;;;;22 668,00 €;22 668,00 €;2023;;30/06/2023;01/07/2023
085/2022;ADJUDICADO;RFB for Construction Equipment;;;;;13/09/2022;Direção;7 388 €;Ajuste direto simplificado;Orçamento;;X;;;X;;;7 825;7 388 €;;3;40;Pendente;Pendente;Pendente;13/09/2022;16/09/2022;08/11/2022;Pendente;;26/10/2023 05:32;;;;7 388,00 €;7 388,00 €;2022;;;
050/2023;ADJUDICADO;Request for Bids for Plumbing Services;PR/009/2022;Laboratório colaborativo de prospetiva – LAB2050.PT;PR/009/2022;;;Lab2050;10 795 €;Ajuste Direto Simplificado;POAT;;;;;;;;10 104;10 795 €;;3;15;Pendente;Pendente;Pendente;03/04/2023;06/04/2023;24/04/2023;Pendente;;26/10/2023 05:32;;;;10 795,00 €;10 795,00 €;2023;;;
056/2023;ADJUDICADO;Procurement Request for Computer Software;;;;;;GCC;15 894 €;Ajuste direto simplificado;Orçamento;;;;;;;;10 257;15 894 €;;0;;Pendente;Pendente;Pendente;21/04/2023;21/04/2023;08/05/2023;Pendente;;26/10/2023 05:34;;;;15 894,00 €;15 894,00 €;2023;;19/05/2023;19/05/2024
014/2023;ADJUDICADO;RFP for Architectural Services;;;;;;GCC;24 412 €;Ajuste Direto Simplificado;Orçamento de Estado;;;;;;;;9 671;24 412 €;;0;3;;Pendente;Pendente;28/02/2023;28/02/2023;03/03/2023;Pendente;;26/10/2023 05:32;;;;24 412,00 €;24 412,00 €;2023;;;
106/2023;ADJUDICADO;Purchase Request for Data Storage Solutions;PR/006/2022;Ferramenta de Análise de impactos económicos à escala regional;PR/006/2022;;;PP;18 107 €;Ajuste Direto Simplificado;Orçamento de Estado;;;;;;;;10 895;18 107 €;;0;11;Pendente;Pendente;Pendente;30/06/2023;30/06/2023;17/07/2023;Pendente;;26/10/2023 05:32;;;;18 107,00 €;18 107,00 €;2023;;;
065/2023;ADJUDICADO;RFQ for Legal Consultation;PR/009/2022;Laboratório colaborativo de prospetiva – LAB2050.PT;PR/009/2022;;;Lab2050;11 975 €;Ajuste direto simplificado;POAT;;;;;;;;10 234;11 975 €;;0;8;Pendente;Pendente;Pendente;20/04/2023;20/04/2023;02/05/2023;Pendente;;26/10/2023 05:32;;;;11 975,00 €;11 975,00 €;2023;;;
098/2023;SUBMETIDO;Request for Proposals for Event Planning;PR/082/2022;Workshops Ciência e Política Pública;PR/082/2022;;;PI;6 200 €;Ajuste Direto Simplificado;Orçamento de Estado;;;;;;;;10 819;6 200 €;Aditamento ao PA 087/2023;3;;Pendente;Pendente;Pendente;19/06/2023;22/06/2023;;Pendente;;26/10/2023 05:32;;;;6 200,00 €;6 200,00 €;2023;;;
108/2022;ADJUDICADO;Procurement Request for Industrial Machinery;;;;;;GCC;15 388 €;Ajuste direto simplificado;Orçamento;;;;;;;;8 285;15 388 €;;0;5;Pendente;Pendente;Pendente;28/10/2022;28/10/2022;04/11/2022;Pendente;;26/10/2023 05:32;;;;15 388,00 €;15 388,00 €;2022;;;
050/2022;ADJUDICADO;RFP for Digital Marketing Services;PR/011/2022;Identidade corporativa PlanAPP;PR/011/2022;;26/05/2022;GCC;9 255 €;Ajuste direto simplificado;PRR;X;X;;;;;;7 007;9 255 €;;7;19;Pendente;Pendente;Pendente;27/05/2022;07/06/2022;23/06/2022;Pendente;;26/10/2023 05:32;;;;9 255,00 €;9 255,00 €;2022;;;
128/2022;ADJUDICADO;Request for Quotation for Office Space Rental;;;;;;GSIQ;10 800 €;Ajuste direto simplificado;Orçamento;1;1;;;;1;;8 519;10 800 €;;1;9;Pendente;Pendente;Pendente;10/11/2022;11/11/2022;23/11/2022;Pendente;;26/10/2023 05:32;;;;10 800,00 €;10 800,00 €;2022;;;
150/2023;SUBMETIDO;Procurement Request for Printers and Copiers;PR/047/2022;Elaboração do plano de formação 2023;PR/047/2022;;;NRH;9 303 €;Ajuste Direto Simplificado;PRR;;;;;;;;11 520;9 303 €;;0;;Resolvido;Pendente;Pendente;22/09/2023;22/09/2023;;Pendente;;26/10/2023 05:34;;;;9 303,00 €;9 303,00 €;2023;;19/10/2023;19/11/2023
093/2023;ADJUDICADO;RFB for Pest Control Services;;;;;;GCC;3 653 €;Ajuste Direto Simplificado;Orçamento de Estado;;;;;;;;10 997;3 653 €;orçamento enviado a 11/07/2023 por e-mail;0;28;Pendente;Pendente;Pendente;11/07/2023;11/07/2023;18/08/2023;Pendente;;26/10/2023 05:34;;;F252302613;3 653,00 €;3 653,00 €;2023;;18/08/2023;17/08/2024
060/2022;ADJUDICADO;Purchase Request for Educational Materials;PR/002/2022;Plano de formação 2022;PR/002/2022;;22/06/2022;AP;10 019 €;Ajuste direto simplificado;PRR;;X;;;X;;;7 083;10 019 €;Aguarda Cabimento;0;18;Pendente;Pendente;Pendente;22/06/2022;22/06/2022;18/07/2022;Pendente;;26/10/2023 05:32;;;;10 019,00 €;10 019,00 €;2022;;;
100/2023;ADJUDICADO;RFQ for Accounting Services;;;;;;GSI;9 956 €;Ajuste Direto Simplificado;Orçamento de Estado;;;;;;;;10 764;9 956 €;;1;22;Pendente;Pendente;Pendente;16/06/2023;19/06/2023;18/07/2023;Pendente;;26/10/2023 05:32;;;;9 956,00 €;9 956,00 €;2023;;;
043/2023;ADJUDICADO;Request for Bids for Waste Disposal Services;PR/008/2023;ODS - Relatório Voluntário Nacional 2023;PR/008/2023;;;AM;21 825 €;Ajuste direto simplificado;Orçamento;;;;;;;;9 957;21 825 €;;0;3;Pendente;Pendente;Pendente;22/03/2023;22/03/2023;27/03/2023;Pendente;;26/10/2023 05:32;;;;21 825,00 €;21 825,00 €;2023;;;
136/2022;ADJUDICADO;Procurement Request for Lab Equipment Maintenance;;;;;;GSIQ;12 014 €;Ajuste direto simplificado;Orçamento;;1;;;1;;;8 792;12 014 €;;0;22;Pendente;Pendente;Pendente;06/12/2022;06/12/2022;05/01/2023;Pendente;;26/10/2023 05:32;;;;12 014,00 €;12 014,00 €;2022;;;
028/2023;ADJUDICADO;RFP for Graphic Design Services;;;;;;Direção;24 702 €;Ajuste Direto Simplificado;Orçamento de Estado;;;;;;;;9 699;24 702 €;;1;3;Pendente;Pendente;Pendente;28/02/2023;01/03/2023;03/03/2023;Pendente;;26/10/2023 05:32;;;;24 702,00 €;24 702,00 €;2023;;;
113/2023;ADJUDICADO;Request for Proposals for Research Services;;;;;;GCC;24 712 €;Ajuste Direto Simplificado;Orçamento de Estado;;;;;;;;10 998;24 712 €;;0;28;Pendente;Pendente;Pendente;11/07/2023;11/07/2023;18/08/2023;Pendente;;26/10/2023 05:34;;;;24 712,00 €;24 712,00 €;2023;;18/08/2023;18/08/2024
091/2023;ADJUDICADO;Purchase Request for Office Renovation;;;;;;Avaliação;7 941 €;Ajuste Direto Simplificado;Orçamento de Estado;;;;;;;;10 656;7 941 €;;1;22;Resolvido;Pendente;Pendente;01/06/2023;02/06/2023;03/07/2023;Pendente;;26/10/2023 05:32;;;;7 941,00 €;7 941,00 €;2023;;;
041/2022;ADJUDICADO;RFQ for IT Support Services;;;;;22/04/2022;GSIQ;3 665 €;Ajuste direto simplificado;Orçamento;;X;;;X;;;6 632;3 665 €;;6;18;Pendente;Pendente;Pendente;26/04/2022;04/05/2022;20/05/2022;Pendente;;26/10/2023 05:32;;;;3 665,00 €;3 665,00 €;2022;;;
059/2022;ADJUDICADO;Procurement Request for Security Software;;;;;14/06/2022;GSIQ;16 191 €;Ajuste direto simplificado;Orçamento;;X;;;;;;7 056;16 191 €;;0;2;Pendente;Pendente;Pendente;17/06/2022;17/06/2022;21/06/2022;Pendente;;26/10/2023 05:32;;;;16 191,00 €;16 191,00 €;2022;;;
102/2023;ADJUDICADO;RFB for Electrical Repairs;PR/009/2022;Laboratório colaborativo de prospetiva – LAB2050.PT;PR/009/2022;;;Lab 2050;22 694 €;Ajuste Direto Simplificado;POAT;;;;;;;;10 767;22 694 €;;1;6;Pendente;Pendente;Pendente;16/06/2023;19/06/2023;26/06/2023;Pendente;;26/10/2023 05:32;;;;22 694,00 €;22 694,00 €;2023;;;
116/2023;ADJUDICADO;Request for Bids for Land Acquisition;PR/009/2022;Laboratório colaborativo de prospetiva – LAB2050.PT;PR/009/2022;;;Lab2050;15 013 €;Ajuste Direto Simplificado;Orçamento de Estado;;;;;;;;11 037;15 013 €;;1;3;Pendente;Pendente;Pendente;13/07/2023;14/07/2023;18/07/2023;Pendente;;26/10/2023 05:32;;;;15 013,00 €;15 013,00 €;2023;;;
090/2023;ADJUDICADO;Procurement Request for Medical Supplies;;;;;;RH;3 167 €;Ajuste Direto Simplificado;Orçamento de Estado;;;;;;;;10 659;3 167 €;;1;12;Pendente;Pendente;Pendente;01/06/2023;02/06/2023;19/06/2023;Pendente;;26/10/2023 05:32;;;;3 167,00 €;3 167,00 €;2023;;;
094/2023;ADJUDICADO;RFP for Advertising Services;PR/009/2022;Laboratório colaborativo de prospetiva – LAB2050.PT;PR/009/2022;;;Lab2050;3 143 €;Ajuste Direto Simplificado;POAT;;;;;;;;10 695;3 143 €;;3;18;Pendente;Pendente;Pendente;02/06/2023;07/06/2023;28/06/2023;Pendente;;26/10/2023 05:32;;;;3 143,00 €;3 143,00 €;2023;;;
037/2022;CANCELADO;Request for Quotation for IT Training;;;;;05/04/2022;GCC;11 647 €;Ajuste direto;;;X;;;;X;;6 409;11 647 €;MN cancelada - a ser substituida;1;;Pendente;Pendente;Pendente;07/04/2022;08/04/2022;02/05/2022;Pendente;;26/10/2023 05:34;;;;11 647,00 €;11 647,00 €;2022;;02/05/2022;15/10/2022
009/2022;CANCELADO;Purchase Request for Warehouse Services;;;;;17/02/2022;RPP;22 028 €;Ajuste direto simplificado;Orçamento;X;X;;;;;;5 956;22 028 €;MN dada sem efeito a 21/06/2022. Procedimento concluido por FM;1;;Pendente;Pendente;Pendente;17/02/2022;18/02/2022;;Pendente;;26/10/2023 05:31;;;;22 028,00 €;22 028,00 €;2022;;;
171/2023;SUBMETIDO;RFQ for Cleaning Supplies;;;;;;;12 654 €;Ajuste Direto Simplificado;Orçamento de Estado;;;;;;;;11 887;12 654 €;;1;;Pendente;Pendente;Pendente;25/10/2023;26/10/2023;;Pendente;;26/10/2023 09:17;;;;12 654 €;12 654 €;2023;;;
170/2023;SUBMETIDO;Procurement Request for Audio-Visual Services;PR/009/2022;Laboratório colaborativo de prospetiva – LAB2050.PT;PR/009/2022;;;;20 596 €;Contatação excluída;POAT;;;;;;;;11 835;20 596 €;;0;;Resolvido;Pendente;Pendente;24/10/2023;24/10/2023;;Pendente;;26/10/2023 05:32;;;;20 596 €;20 596 €;2023;;;
169/2023;SUBMETIDO;RFB for Office Space Lease;;;;;;;18 784 €;Ajuste Direto Simplificado;Orçamento de Estado;;;;;;;;11 832;18 784 €;;1;;Resolvido;Pendente;Pendente;23/10/2023;24/10/2023;;Pendente;;24/10/2023 08:57;;;;18 784 €;18 784 €;2023;;;
167/2023;SUBMETIDO;Request for Bids for Legal Research;PR/047/2022;Elaboração do plano de formação 2023;PR/047/2022;;;;8 192 €;Ajuste Direto Simplificado;PRR;;;;;;;;11 853;8 192 €;;1;;Pendente;Pendente;Pendente;24/10/2023;25/10/2023;;Pendente;;25/10/2023 09:24;;;;8 192 €;8 192 €;2023;;;
166/2023;SUBMETIDO;Procurement Request for Event Supplies;;;;;;;22 545 €;UTAIL;Orçamento de Estado;;;;;;;;11 831;22 545 €;;1;;Pendente;Pendente;Pendente;23/10/2023;24/10/2023;;Pendente;;24/10/2023 08:37;;;;22 545 €;22 545 €;2023;;;
164/2023;SUBMETIDO;RFP for Marketing Materials;PR/021/2023;Estudo sobre os fatores de satisfação/insatisfação de profissionais de saúde (setores público e privado) e fatores de retenção/abandono do Serviço Nacional de Saúde;PR/021/2023;;;;9 547 €;Contatação excluída;PRR;;;;;;;;11 911;9 547 €;;0;;Pendente;Pendente;Pendente;27/10/2023;27/10/2023;;Pendente;;27/10/2023 08:34;;;;9 547 €;9 547 €;2023;;;
163/2023;SUBMETIDO;Request for Proposals for Facility Management;PR/009/2022;Laboratório colaborativo de prospetiva – LAB2050.PT;PR/009/2022;;;Lab2050;1 833 €;Ajuste Direto Simplificado;POAT;;;;;;;;11 791;1 833 €;;1;;Pendente;Pendente;Pendente;19/10/2023;20/10/2023;;Pendente;;23/10/2023 07:52;;;;1 833 €;1 833 €;2023;;;
161/2023;SUBMETIDO;Purchase Request for Security Cameras;PR/047/2022;Elaboração do plano de formação 2023;PR/047/2022;;;NRH;24 540 €;Contatação excluída;PRR;;;;;;;;11 788;24 540 €;;4;;Pendente;Pendente;Pendente;16/10/2023;20/10/2023;;Pendente;;23/10/2023 07:53;;;;24 540 €;24 540 €;2023;;;
160/2023;SUBMETIDO;RFQ for Computer Hardware;;;;;;UTM;20 746 €;Ajuste Direto Simplificado;Orçamento de Estado;;;;;;;;11 779;20 746 €;;5;;Pendente;Pendente;Pendente;13/10/2023;20/10/2023;;Pendente;;23/10/2023 07:50;;;;20 746 €;20 746 €;2023;;;
159/2023;SUBMETIDO;Procurement Request for Laboratory Services;PR/074/2022;Estudos Prospetivos;PR/074/2022;;;UTPP;24 934 €;Ajuste Direto Simplificado;Orçamento de Estado;;;;;;;;11 647;24 934 €;;0;;Resolvido;Pendente;Pendente;10/10/2023;10/10/2023;;Pendente;;23/10/2023 07:51;;;;24 934 €;24 934 €;2023;;;
158/2023;SUBMETIDO;RFB for Roof Repair Services;PR/009/2022;Laboratório colaborativo de prospetiva – LAB2050.PT;PR/009/2022;;;EMCE;5 866 €;Ajuste Direto Simplificado;POAT;;;;;;;;11 717;5 866 €;;0;;Pendente;Pendente;Pendente;16/10/2023;16/10/2023;;Pendente;;26/10/2023 05:32;;;;5 866 €;5 866 €;2023;;;
157/2023;SUBMETIDO;Request for Bids for Vehicle Purchase;PR/047/2022;Elaboração do plano de formação 2023;PR/047/2022;;;NRH;10 167 €;Ajuste Direto Simplificado;PRR;;;;;;;;11 614;10 167 €;;0;;Pendente;Pendente;Pendente;04/10/2023;04/10/2023;;Pendente;;26/10/2023 05:32;;;;10 167 €;10 167 €;2023;;;
156/2023;SUBMETIDO;Procurement Request for Translation Services;;;;;;EMGPRI;1 822 €;Ajuste Direto Simplificado;Orçamento de Estado;;;;;;;;11 786;1 822 €;;7;;Pendente;Pendente;Pendente;11/10/2023;20/10/2023;;Pendente;;23/10/2023 07:53;;;;1 822 €;1 822 €;2023;;;
155/2023;SUBMETIDO;RFP for Copywriting Services;PR/086/2022;Apoio Técnico à Implementação da Estratégia Nacional de Combate à Pobreza;PR/086/2022;;;UTAP;11 882 €;Consulta Prévia;PRR;;;;;;;;11 790;11 882 €;;2;;Pendente;Pendente;Pendente;18/10/2023;20/10/2023;;Pendente;;26/10/2023 05:32;;;;11 882 €;11 882 €;2023;;;
153/2023;SUBMETIDO;Request for Quotation for Training Equipment;PR/047/2022;Elaboração do plano de formação 2023;PR/047/2022;;;NRH;7 711 €;Ajuste Direto Simplificado;PRR;;;;;;;;11 557;7 711 €;;0;;Pendente;Pendente;Pendente;29/09/2023;29/09/2023;;Pendente;;23/10/2023 07:53;;;;7 711 €;7 711 €;2023;;;
149/2023;SUBMETIDO;Purchase Request for Janitorial Supplies;;;;;;GPRI;10 179 €;;Orçamento de Estado;;;;;;;;11 587;10 179 €;;0;;Pendente;Pendente;Pendente;02/10/2023;02/10/2023;;Pendente;;26/10/2023 05:32;;;;10 179 €;10 179 €;2023;;;
147/2023;SUBMETIDO;RFQ for IT Consultation;PR/075/2022;Promover a literacia em prospetiva;PR/075/2022;;;UTPP;23 616 €;Ajuste Direto Simplificado;Orçamento de Estado;;;;;;;;11 443;23 616 €;;0;;Pendente;Pendente;Pendente;15/09/2023;15/09/2023;;Pendente;;26/10/2023 05:32;;;;23 616 €;23 616,00 €;2023;;;
140/2023;EM ANÁLISE;Procurement Request for HR Consulting Services;;;;;;EMGSI;14 467 €;Consulta Prévia;Orçamento de Estado;;;;;;;;11 554;14 467 €;;10;;Pendente;Pendente;Pendente;14/09/2023;28/09/2023;;Pendente;;26/10/2023 05:32;;;;14 467 €;14 467 €;2023;;;
140/2022;SUBMETIDO;RFB for Plumbing Supplies;PR/009/2022;Laboratório colaborativo de prospetiva – LAB2050.PT;PR/009/2022;;;LAb2050;7 936 €;Ajuste direto simplificado;POAT;;;;;;;;8 927;7 936 €;A Aguardar cabimento desde o dia 02/01;8;42;Pendente;Pendente;Pendente;12/12/2022;21/12/2022;;Pendente;;26/10/2023 05:32;;;;7 936 €;7 936,00 €;2022;;;
137/2023;SUBMETIDO;Request for Bids for Building Materials;PR/030/2022;Estudos sobre a produtividade das empresas, cadeias de valor e empreendedorismo;PR/030/2022;;;AEPE;18 729 €;Contatação excluída;PRR;;;;;;;;11 432;18 729 €;;0;;Pendente;Pendente;Pendente;14/09/2023;14/09/2023;;Pendente;;26/10/2023 05:32;;;;18 729 €;18 729 €;2023;;;
135/2023;SUBMETIDO;Procurement Request for Catering Supplies;;;;;;;10 369 €;Ajuste Direto Simplificado;Orçamento de Estado;;;;;;;;11 905;10 369 €;;0;;Pendente;Pendente;Pendente;27/10/2023;27/10/2023;;Pendente;;27/10/2023 07:43;;;;10 369 €;10 369 €;2023;;;
133/2023;SUBMETIDO;RFP for Website Hosting Services;PR/009/2022;Laboratório colaborativo de prospetiva – LAB2050.PT;PR/009/2022;;;Lab2050;7 494 €;Ajuste Direto Simplificado;POAT;;;;;;;;11 471;7 494 €;;1;;Pendente;Pendente;Pendente;18/09/2023;19/09/2023;;Pendente;;26/10/2023 05:34;;;;7 494 €;7 494,00 €;2023;;10/10/2023;10/11/2023
132/2023;SUBMETIDO;Request for Proposals for Printing Equipment;PR/009/2022;Laboratório colaborativo de prospetiva – LAB2050.PT;PR/009/2022;;;Paercerias e Inovação;3 665 €;Ajuste Direto;POAT;;;;;;;;11 324;3 665 €;;1;;Pendente;Pendente;Pendente;01/09/2023;04/09/2023;;Pendente;;26/10/2023 05:32;;;;3 665 €;3 665 €;2023;;;
130/2023;SUBMETIDO;Purchase Request for Office Furniture Installation;PR/009/2022;Laboratório colaborativo de prospetiva – LAB2050.PT;PR/009/2022;;;Lab2050;23 291 €;Ajuste Direto;POAT;;;;;;;;11 319;23 291 €;;1;;Pendente;Pendente;Pendente;31/08/2023;01/09/2023;;Pendente;;26/10/2023 05:32;;;;23 291 €;23 291 €;2023;;;
130/2022;ADJUDICADO;RFQ for Security Personnel Services;PR/005/2022;Reflexão estratégica - OCDE;PR/005/2022;;;AE;22 590 €;Contratação Excluída;PRR;;1;;;1;;;8 571;22 590 €;;0;9;Pendente;Pendente;Pendente;15/11/2022;15/11/2022;28/11/2022;Pendente;;26/10/2023 05:34;;;;22 590 €;22 590 €;2022;;07/11/2022;24/11/2022
127/2023;SUBMETIDO;Procurement Request for Lab Testing Services;PR/001/2022;Site institucional PlanAPP;PR/001/2022;;;EMCE;5 120 €;Consulta Prévia;Orçamento de Estado;;;;;;;;11 247;5 120 €;;1;;Pendente;Pendente;Pendente;17/08/2023;18/08/2023;;Pendente;;26/10/2023 05:32;;;;5 120 €;5 120 €;2023;;;
126/2023;SUBMETIDO;RFB for Construction Services;PR/018/2023;Melhoria da comunicação externa ;PR/018/2023;;;EMCE;11 618 €;Consulta Prévia;Orçamento de Estado;;;;;;;;11 330;11 618 €;;1;;Pendente;Pendente;Pendente;01/09/2023;04/09/2023;;Pendente;;26/10/2023 05:32;;;;11 618 €;11 618 €;2023;;;
126/2022;ADJUDICADO;Request for Bids for Marketing Campaign;;;;;;AE;19 423 €;;PRR;;;;;;;;8 282;19 423 €;;0;2;Pendente;Pendente;Pendente;11/11/2022;11/11/2022;15/11/2022;Pendente;;26/10/2023 05:32;;;;19 423 €;19 423,00 €;2022;;;
122/2022;NÃO ADJUDICADO;Procurement Request for Landscaping Supplies;PR/015/2022;Sistema de gestão de projetos no PlanAPP;PR/015/2022;;;PRI;15 098 €;Consulta prévia;Orçamento;;;;;;;;8 419;15 098 €;O procediemnto foi extinto por falta de apresentação de propostas;0;66;Pendente;Pendente;Pendente;07/11/2022;07/11/2022;;Pendente;;26/10/2023 05:32;;;;15 098 €;15 098,00 €;2022;;;
118/2022;NÃO ADJUDICADO;RFP for Employee Training Services;PR/007/2022;Custos da Parentalidade;PR/007/2022;;;AM;13 133 €;Contratação Excluída;PRR;;1;;;;1;;8 411;13 133 €;O procediemnto foi extinto por falta de apresentação de proposta;0;66;Pendente;Pendente;Pendente;07/11/2022;07/11/2022;;Pendente;;26/10/2023 05:32;;;;13 133 €;13 133 €;2022;;;
115/2022;ADJUDICADO;Request for Quotation for Accounting Software;PR/005/2022;Reflexão estratégica - OCDE;PR/005/2022;;;AE;6 068 €;Ajuste direto simplificado;PRR;;;;;;;;8 282;6 068 €;Valor retificado pela PA 126;0;12;Pendente;Pendente;Pendente;28/10/2022;28/10/2022;15/11/2022;Pendente;;26/10/2023 05:32;;;;6 068 €;6 068,00 €;2022;;;
105/2022;SUBMETIDO;Purchase Request for Health and Wellness Services;;;;;;GCC;16 172 €;Ajuste direto simplificado;Orçamento;;1;;;1;;;;16 172 €;;2;76;Pendente;Pendente;Pendente;24/10/2022;26/10/2022;;Pendente;;23/10/2023 07:58;;;;16 172 €;16 172 €;2022;;;
104/2022;CANCELADO;RFQ for Office Security Systems;;;;;;GCC;10 690 €;Ajuste direto simplificado;Orçamento;;1;;;1;;;8 264;10 690 €;SEM EFEITO - FM;2;76;Pendente;Pendente;Pendente;24/10/2022;26/10/2022;;Pendente;;26/10/2023 05:32;;;;10 690 €;10 690 €;2022;;;
103/2023;SUBMETIDO;Procurement Request for Event Venue Rental;;;;;;GCC;3 017 €;Consulta Prévia;Orçamento de Estado;;;;;;;;10 821;3 017 €;;1;;Pendente;Pendente;Pendente;21/06/2023;22/06/2023;;Pendente;;26/10/2023 05:32;;;;3 017 €;3 017 €;2023;;;
103/2022;SUBMETIDO;RFB for IT Equipment Maintenance;;;;;;GCC;17 134 €;Ajuste direto simplificado;Orçamento;;1;;;1;;;8 263;17 134 €;;2;76;Pendente;Pendente;Pendente;24/10/2022;26/10/2022;;Pendente;;26/10/2023 05:32;;;;17 134 €;17 134,00 €;2022;;;
102/2022;SUBMETIDO;Request for Bids for Legal Representation;;;;;;GCC;2 170 €;Ajuste direto simplificado;Orçamento;;1;;;1;;;;2 170 €;;2;76;Pendente;Pendente;Pendente;24/10/2022;26/10/2022;;Pendente;;23/10/2023 07:53;;;;2 170 €;2 170 €;2022;;;
100/2022;NÃO ADJUDICADO;Procurement Request for Graphic Design Supplies;;;;;;AE;8 025 €;;;;1;1;;;;;8 292;8 025 €;SEM EFEITO;9;81;Pendente;Pendente;Pendente;17/10/2022;28/10/2022;;Pendente;;26/10/2023 05:32;;;;8 025 €;8 025 €;2022;;;
099/2023;ADJUDICADO;RFP for Research Equipment;PR/047/2022;Elaboração do plano de formação 2023;PR/047/2022;;;NRH;19 701 €;Ajuste Direto Simplificado;PRR;;;;;;;;10 785;19 701 €;;1;20;Pendente;Pendente;Pendente;19/06/2023;20/06/2023;17/07/2023;Pendente;;26/10/2023 05:32;;;;19 701 €;19 701,00 €;2023;;;
099/2022;SUBMETIDO;Request for Proposals for Office Cleaning Equipment;;;;;;GSIQ;16 618 €;Ajuste direto;Orçamento;;;;;;;;8 178;16 618 €;Pluruanuais 2022:1985,22€ / 2023:21840,12€;2;80;Pendente;Pendente;Pendente;18/10/2022;20/10/2022;;Pendente;;26/10/2023 05:34;;;64210000-1;16 618 €;16 618,00 €;2022;;24/03/2023;29/02/2024
097/2022;NÃO ADJUDICADO;Purchase Request for Safety Gear;;;;;;GSIQ;21 620 €;Ajuste direto;Orçamento;;;;;;;;8 160;21 620 €;Extinto por não apresentação de proposta conforme;3;82;Pendente;Pendente;Pendente;14/10/2022;19/10/2022;;Pendente;;26/10/2023 05:32;;;;21 620 €;21 620,00 €;2022;;;
096/2022;CANCELADO;RFQ for Computer Software Development;PR/023/2022;Estudo de sustentabilidade ADSE;PR/023/2022;;;AE;5 482 €;;Orçamento;;;x;;;;;8 290;5 482 €;CANCELADO;;;Pendente;Pendente;Pendente;10/10/2022;28/10/2022;;Pendente;;26/10/2023 05:32;;;;5 482 €;5 482 €;2022;;;
092/2022;ADJUDICADO;Procurement Request for Marketing Software;PR/025/2022;Planeamento Público e Democrático;PR/025/2022;;;AE;5 466 €;Contratação Excluída;PRR;;X;;;;;;8 158;5 466 €;Plurianuais  2023: 1845€ / 2024: 1845€;11;46;Pendente;Pendente;Pendente;03/10/2022;18/10/2022;06/12/2022;Pendente;;26/10/2023 05:34;;;;5 466 €;5 466 €;2022;;01/01/2023;30/06/2024
088/2023;SUBMETIDO;RFB for Event Decorations;PR/013/2023;Modelização de políticas no EUROMOD para análise das desigualdades;PR/013/2023;;;PP;10 868 €;Ajuste Direto;PRR;;;;;;;;10 661;10 868 €;;0;;Resolvido;Pendente;Pendente;02/06/2023;02/06/2023;;Pendente;;26/10/2023 05:32;;;;10 868 €;10 868,00 €;2023;;;
081/2023;ADJUDICADO;Request for Bids for Fleet Management Services;;;;;;;21 402 €;;;;;;;;;;;21 402 €;;;;;;;;;;;;;;;;21 402 €;21 402 €;;;;
080/2023;SUBMETIDO;Procurement Request for Printing Services;PR/026/2022;Demografia e Políticas Públicas;PR/026/2022;;;UTM;13 897 €;Contatação excluída;PRR;;;;;;;;11 012;13 897 €;;0;;Pendente;Pendente;Pendente;12/07/2023;12/07/2023;;Pendente;;26/10/2023 05:32;;;;13 897 €;13 897,00 €;2023;;;
073/2022;CANCELADO;RFP for Office Space Renovation;PR/009/2022;Laboratório colaborativo de prospetiva – LAB2050.PT;PR/009/2022;;;AIL;18 493 €;Ajuste direto;POAT;;X;;;;X;;7 545;18 493 €;CANCELADO - Vai ser substituido por novo PA;;;Pendente;Pendente;Pendente;10/08/2022;10/08/2022;;Pendente;;26/10/2023 05:32;;;;18 493 €;18 493 €;2022;;;
072/2023;ADJUDICADO;Request for Quotation for Medical Services;PR/083/2022;Água e Solo: Antecipar Estratégias para Mitigação e Adaptação às Alterações Climáticas;PR/083/2022;;;PI;3 831 €;Ajuste Direto;PRR;;;;;;;;10 694;3 831 €;Contrato assinado a 27/09/2023;;;;;;;;;;;;;;;3 831 €;3 831 €;;;;
071/2022;SUBMETIDO;Purchase Request for Security Fencing;PR/016/2022;Aquisição centralizada para licenciamento de software aplicacional;PR/016/2022;;;GSIQ;8 934 €;Concurso público;PRR;x;x;;;;;;7 589;8 934 €;Apenas adjudicado 1 lote (Adobe) AD e Min. Contrato assinados e enviados;3;127;Pendente;Pendente;Pendente;12/08/2022;17/08/2022;;Pendente;;26/10/2023 05:34;;;22456000-1;8 934 €;8 934,00 €;2022;;20/02/2023;20/04/2023
067/2022;CANCELADO;RFQ for Lab Equipment Repair;;;;;19/07/2022;PRI;4 290 €;;;;;;;;;;;4 290 €;PA não assinado pelo Sr. Diretor;;;Pendente;Pendente;Pendente;19/07/2022;;;Pendente;;23/10/2023 07:50;;;;4 290 €;4 290 €;2022;;;
058/2023;CANCELADO;Procurement Request for Pest Control Supplies;;;;;;GCC;15 911 €;oAjuste Direto Simplificadp;Orçamento;;;;;;;;10 261;15 911 €;;2;;Pendente;Pendente;Pendente;19/04/2023;21/04/2023;;Pendente;;26/10/2023 05:32;;;;15 911 €;15 911 €;2023;;;
058/2022;CANCELADO;RFB for Architectural Design Services;;;;;09/06/2022;AIL;22 923 €;Consulta prévia;CRIA;;;;;;;;;22 923 €;Pendente de análise a nível tecnológico;;;Pendente;Pendente;Pendente;20/06/2022;;;Pendente;;23/10/2023 07:54;;;;22 923 €;22 923 €;2022;;;
057/2022;NÃO ADJUDICADO;Request for Bids for Waste Management Services;PR/017/2022;Licenciamento de software Office 365;PR/017/2022;;;GSIQ;20 413 €;Concurso público;PRR;X;X;;;;;;7 552;20 413 €;Concluido sem apresentação de propostas - 12/01/2023;2;129;Pendente;Pendente;Pendente;10/08/2022;12/08/2022;;Pendente;;26/10/2023 05:32;;;;20 413 €;20 413,00 €;2022;;;
055/2023;ADJUDICADO;Procurement Request for Construction Supplies;;;;;;GCC;16 888 €;Ajuste Direto Simplificado;Orçamento;;;;;;;;10 240;16 888 €;;0;20;Pendente;Pendente;Pendente;21/04/2023;21/04/2023;19/05/2023;Pendente;;26/10/2023 05:34;;;;16 888 €;16 888,00 €;2023;;19/05/2023;19/05/2024
054/2022;CANCELADO;RFP for Accounting Software;PR/012/2022;Teletrabalho - aquisição de meios de trabalho;PR/012/2022;;01/06/2022;GSIQ;11 190 €;Ajuste direto;PRR;;X;;;;;;6 936;11 190 €;MN cancelada - Procedimento sem efeito;;;Pendente;Pendente;Pendente;02/06/2022;02/06/2022;;Pendente;;26/10/2023 05:32;;;;11 190 €;11 190,00 €;2022;;;
040/2022;ADJUDICADO;Request for Proposals for IT Infrastructure;PR/010/2022;Consultoria de perito na análise input-output;PR/010/2022;;07/04/2022;RPP;16 989 €;Contratação Excluída;PRR;X;X;;;;;;6 651;16 989 €;Avença;18;189;Pendente;Pendente;Pendente;08/04/2022;04/05/2022;29/12/2022;Pendente;;26/10/2023 05:34;;;72200000-7;16 989 €;16 989,00 €;2022;;01/01/2023;31/12/2023
035/2022;CANCELADO;Purchase Request for Advertising Materials;;;;;01/04/2022;AP;18 799 €;Ajuste direto simplificado;;;X;;;;;;6 340;18 799 €;MN cancelada ;1;;Pendente;Pendente;Pendente;04/04/2022;05/04/2022;;Pendente;;26/10/2023 05:31;;;;18 799 €;18 799 €;2022;;;
034/2022;ADJUDICADO;RFQ for HR Training Services;PR/060/2022;Modelo de Institucionalização de Avaliação de Políticas;PR/060/2022;;05/04/2022;RPP;19 707 €;Contratação Excluída;PRR;X;X;;;;;;6 621;19 707 €;Plurianuais ;;;;;;;;;;;;;;;19 707 €;19 707 €;;;;
029/2022;ADJUDICADO;Procurement Request for Cleaning Equipment;PR/005/2022;Reflexão estratégica - OCDE;PR/005/2022;;16/03/2022;AE;16 171 €;Contratação Excluída;PRR;X;;;;;;;6 195;16 171 €;Contrato iniciou a 22/11/2021 até 31/12/2025;;;;;;;;;;;;;;;16 171 €;16 171 €;;;;
025/2023;ADJUDICADO;RFB for Marketing Consultation;;;;;;GCC;23 996 €;Ajuste Direto Simplificado;PRR;;;;;;;;9 674;23 996 €;;0;5;Pendente;Pendente;Pendente;28/02/2023;28/02/2023;07/03/2023;Pendente;;26/10/2023 05:32;;;;23 996 €;23 996,00 €;2023;;;
024/2022;ADJUDICADO;Request for Bids for Laboratory Equipment;PR/006/2022;Ferramenta de Análise de impactos económicos à escala regional;PR/006/2022;;10/03/2022;RPP;1 737 €;Contratação Excluída;PRR;X;;;;;;;6 314;1 737 €;Plurianuas ;;;;;;;;;;;;;;;1 737 €;1 737 €;;;;
023/2022;CANCELADO;Procurement Request for Vehicle Leasing;;;;;10/03/2022;GCC;3 082 €;Ajuste direto;;X;X;;;X;;;6 129;3 082 €;Procedimento sem efeito;0;;Pendente;Pendente;Pendente;10/03/2022;10/03/2022;;Pendente;;26/10/2023 05:31;;;;3 082 €;3 082 €;2022;;;
011/2023;CANCELADO;RFP for Roofing Services;PR/009/2022;Laboratório colaborativo de prospetiva – LAB2050.PT;PR/009/2022;;;Lab2050;1 225 €;Consulta Prévia;POAT;1;1;1;;;;;9 529;1 225 €;;1;;Pendente;Pendente;Pendente;14/02/2023;15/02/2023;;Pendente;;26/10/2023 05:32;;;;1 225 €;1 225,00 €;2023;;;
006/2022;ADJUDICADO;Request for Quotation for Copywriting Supplies;;;;;28/01/2022;GCC;7 723 €;Ajuste Direto;Orçamento;X;X;;;;X;;5 835;7 723 €;2022: 3690,00€;;;;;;;;;;;;;;;7 723 €;7 723 €;;;;
004/2023;SUBMETIDO;Purchase Request for Legal Books;;;;;;GSI;16 375 €;Concurso público;Orçamento;1;1;1;;;;;9 217;16 375 €;;0;14;Pendente;Pendente;Pendente;19/01/2023;19/01/2023;;Pendente;;26/10/2023 05:31;;;;16 375 €;16 375 €;2023;;;
